Constant,log_P(atm),log_Fuel(%),log_Oxidizer(%),T0/S_H__T,T0/T
1.0,0.7275486072772777,-1.6094379124341003,0.7884573603642703,0.06464124111182935,0.6464124111182935
1.0,0.7227059828014898,-0.916290731874155,1.4816045409242156,0.0665335994677312,0.6653359946773121
1.0,0.1906203596086497,-0.916290731874155,2.174751721484161,0.06983240223463687,0.6983240223463687
1.0,0.712949807856125,-3.506557897319982,-1.1086626245216111,0.06097560975609756,0.6097560975609756
1.0,0.4762341789963717,-2.995732273553991,-0.5978370007556204,0.0646830530401035,0.6468305304010349
1.0,0.20701416938432612,-0.916290731874155,2.174751721484161,0.07163323782234957,0.7163323782234957
1.0,2.991724252156452,0.6280751838162305,3.0252910757955354,0.11764705882352941,1.1764705882352942
1.0,4.0943445622221,0.6280751838162305,3.0252910757955354,0.10834236186348863,1.0834236186348862
1.0,0.7608058290337602,-3.506557897319982,-1.1086626245216111,0.06447453255963895,0.6447453255963894
1.0,0.20701416938432612,-0.916290731874155,1.5686159179138452,0.0670690811535882,0.670690811535882
1.0,1.33500106673234,-3.506557897319982,-1.1086626245216111,0.06064281382656155,0.6064281382656155
1.0,3.9871304779149512,0.6280751838162305,3.0252910757955354,0.11001100110011001,1.1001100110011002
1.0,0.22314355131420976,-1.0216512475319814,1.4816045409242156,0.06775067750677506,0.6775067750677507
1.0,0.8586616190375187,-3.506557897319982,-1.1086626245216111,0.06640106241699867,0.6640106241699867
1.0,1.3217558399823195,-3.506557897319982,-1.1086626245216111,0.05847953216374269,0.5847953216374269
1.0,2.995732273553991,0.6280751838162305,3.0252910757955354,0.12406947890818859,1.2406947890818858
1.0,0.19885085874516517,-1.0216512475319814,1.4816045409242156,0.06702412868632708,0.6702412868632708
1.0,0.27763173659827955,-0.916290731874155,2.174751721484161,0.07077140835102619,0.7077140835102619
1.0,0.1823215567939546,-0.916290731874155,2.174751721484161,0.06872852233676977,0.6872852233676976
1.0,0.19885085874516517,0.1823215567939546,2.580216829592325,0.06872852233676977,0.6872852233676976
1.0,0.22314355131420976,-1.0216512475319814,1.4816045409242156,0.06662225183211193,0.6662225183211192
1.0,4.104294893075269,0.6280751838162305,3.0252910757955354,0.1079913606911447,1.079913606911447
1.0,0.17395330712343798,0.1823215567939546,2.580216829592325,0.07037297677691766,0.7037297677691766
1.0,1.4036429994545037,-0.916290731874155,1.4816045409242156,0.07042253521126761,0.704225352112676
1.0,0.29266961396282004,-0.916290731874155,2.174751721484161,0.07434944237918216,0.7434944237918215
1.0,0.20701416938432612,0.1823215567939546,2.174751721484161,0.06844626967830253,0.6844626967830253
1.0,0.19885085874516517,-0.916290731874155,0.7884573603642703,0.059665871121718374,0.5966587112171837
1.0,0.5423242908253617,-2.995732273553991,-0.5978370007556204,0.07168458781362007,0.7168458781362007
1.0,0.16551443847757333,-0.916290731874155,1.5686159179138452,0.07241129616220131,0.724112961622013
1.0,2.329227023940467,0.6280751838162305,3.0252910757955354,0.0744047619047619,0.7440476190476191
1.0,0.7608058290337602,-0.916290731874155,1.4816045409242156,0.0708215297450425,0.7082152974504249
1.0,0.19885085874516517,-0.916290731874155,2.174751721484161,0.07423904974016332,0.7423904974016332
1.0,0.17395330712343798,0.5596157879354227,2.9806186357439426,0.07524454477050414,0.7524454477050414
1.0,0.8250522514398839,-3.506557897319982,-1.1086626245216111,0.07272727272727272,0.7272727272727273
1.0,1.3937663759585917,-0.916290731874155,1.4816045409242156,0.06775067750677506,0.6775067750677507
1.0,1.728109442151599,-0.916290731874155,1.4816045409242156,0.07142857142857142,0.7142857142857143
1.0,0.7323678937132266,-1.6094379124341003,0.7884573603642703,0.06662225183211193,0.6662225183211192
1.0,0.2151113796169455,0.5596157879354227,2.9806186357439426,0.07215007215007214,0.7215007215007215
1.0,3.9721769282478934,0.6280751838162305,3.0252910757955354,0.09407337723424271,0.940733772342427
1.0,0.23901690047049992,0.1823215567939546,2.580216829592325,0.07097232079488999,0.7097232079489
1.0,1.7369512327330598,-0.916290731874155,1.4816045409242156,0.07272727272727272,0.7272727272727273
1.0,0.131028262406404,0.1823215567939546,2.174751721484161,0.06825938566552901,0.6825938566552902
1.0,0.7561219797213337,-0.916290731874155,1.4816045409242156,0.06872852233676977,0.6872852233676976
1.0,4.079230924412053,0.6280751838162305,3.0252910757955354,0.09737098344693282,0.9737098344693281
1.0,0.7323678937132266,-0.916290731874155,1.4816045409242156,0.06765899864682003,0.6765899864682002
1.0,0.25464221837358075,0.1823215567939546,2.174751721484161,0.07087172218284904,0.7087172218284904
1.0,2.327277705584417,0.6280751838162305,3.0252910757955354,0.07698229407236336,0.7698229407236336
1.0,0.1906203596086497,0.1823215567939546,1.8870696490323797,0.06596306068601583,0.6596306068601583
1.0,3.912023005428146,0.6280751838162305,3.0252910757955354,0.0946073793755913,0.9460737937559129
1.0,0.26236426446749106,0.1823215567939546,2.580216829592325,0.0749063670411985,0.7490636704119851
1.0,0.7654678421395714,-0.916290731874155,1.4816045409242156,0.0697350069735007,0.697350069735007
1.0,0.636576829071551,0.6280751838162305,3.0252910757955354,0.07698229407236336,0.7698229407236336
1.0,0.23901690047049992,-0.916290731874155,1.4816045409242156,0.0700280112044818,0.7002801120448179
1.0,0.14842000511827322,0.5596157879354227,2.9806186357439426,0.07518796992481203,0.7518796992481203
1.0,0.1570037488096647,-0.2231435513142097,2.174751721484161,0.07012622720897616,0.7012622720897616
1.0,0.7561219797213337,-1.6094379124341003,0.7884573603642703,0.0681198910081744,0.6811989100817438
1.0,0.13976194237515863,-0.2231435513142097,2.174751721484161,0.07256894049346879,0.7256894049346879
1.0,0.1823215567939546,0.1823215567939546,2.580216829592325,0.07412898443291327,0.7412898443291327
1.0,2.70805020110221,-2.3025850929940455,0.7884573603642703,0.07867820613690008,0.7867820613690008
1.0,2.7265447837383743,-2.3025850929940455,0.7884573603642703,0.08090614886731391,0.8090614886731392
1.0,2.7166795278002644,-2.3025850929940455,0.7884573603642703,0.08136696501220504,0.8136696501220505
1.0,2.7606426512213806,-2.3025850929940455,0.7884573603642703,0.08130081300813008,0.8130081300813008
1.0,0.20701416938432612,-0.916290731874155,1.4816045409242156,0.06729475100942127,0.6729475100942126
1.0,1.425515074273172,-0.916290731874155,1.4816045409242156,0.07077140835102619,0.7077140835102619
1.0,2.9892110565637253,0.6280751838162305,3.0252910757955354,0.11037527593818984,1.1037527593818985
1.0,0.8903573498476506,-3.506557897319982,-1.1086626245216111,0.07363770250368189,0.7363770250368189
1.0,0.6151856390902335,0.6280751838162305,3.0252910757955354,0.07363770250368189,0.7363770250368189
1.0,2.362739015813793,0.6280751838162305,3.0252910757955354,0.07662835249042145,0.7662835249042146
1.0,0.8441500540964727,-3.506557897319982,-1.1086626245216111,0.07256894049346879,0.7256894049346879
1.0,4.055257173514054,0.6280751838162305,3.0252910757955354,0.09930486593843098,0.9930486593843099
1.0,3.9569963710708773,0.6280751838162305,3.0252910757955354,0.08968609865470852,0.8968609865470852
1.0,0.7514160886839212,-0.916290731874155,1.4816045409242156,0.07225433526011561,0.7225433526011561
1.0,2.8975680247667595,0.6280751838162305,3.0252910757955354,0.09881422924901186,0.9881422924901185
1.0,0.6780335427498971,0.6280751838162305,3.0252910757955354,0.08006405124099279,0.800640512409928
1.0,2.468099531471619,0.6280751838162305,3.0252910757955354,0.07751937984496124,0.7751937984496124
1.0,0.5128236264286637,-2.995732273553991,-0.5978370007556204,0.06844626967830253,0.6844626967830253
1.0,3.9815490680767565,0.6280751838162305,3.0252910757955354,0.09871668311944719,0.9871668311944719
1.0,1.6882490928583902,-0.916290731874155,1.4816045409242156,0.07047216349541931,0.704721634954193
1.0,0.23901690047049992,0.1823215567939546,2.174751721484161,0.07097232079488999,0.7097232079489
1.0,2.419478844465545,0.6280751838162305,3.0252910757955354,0.08090614886731391,0.8090614886731392
1.0,0.19885085874516517,-0.916290731874155,1.5686159179138452,0.06954102920723226,0.6954102920723226
1.0,2.8166056076565553,0.6280751838162305,3.0252910757955354,0.09541984732824428,0.9541984732824428
1.0,0.688134638736401,0.6280751838162305,3.0252910757955354,0.07256894049346879,0.7256894049346879
1.0,0.13976194237515863,-0.916290731874155,1.5686159179138452,0.06915629322268327,0.6915629322268326
1.0,1.7173950539391927,-0.916290731874155,1.4816045409242156,0.0728862973760933,0.7288629737609329
1.0,1.7387102481382397,-0.916290731874155,1.4816045409242156,0.07037297677691766,0.7037297677691766
1.0,0.19885085874516517,-0.916290731874155,0.7884573603642703,0.06176652254478073,0.6176652254478073
1.0,0.23901690047049992,-0.916290731874155,1.4816045409242156,0.06858710562414266,0.6858710562414266
1.0,3.883623530906448,0.6280751838162305,3.0252910757955354,0.10152284263959391,1.015228426395939
1.0,0.7654678421395714,-1.6094379124341003,0.7884573603642703,0.06983240223463687,0.6983240223463687
1.0,1.7316555451583497,-0.916290731874155,1.4816045409242156,0.06934812760055478,0.6934812760055479
1.0,0.767790723555711,-3.506557897319982,-1.1086626245216111,0.06693440428380187,0.6693440428380187
1.0,0.1823215567939546,0.1823215567939546,1.8870696490323797,0.06868131868131869,0.6868131868131868
1.0,0.23111172096338664,-0.916290731874155,0.7884573603642703,0.06540222367560497,0.6540222367560498
1.0,0.1823215567939546,0.1823215567939546,1.8870696490323797,0.07027406886858749,0.7027406886858749
1.0,1.0508216248317612,-3.506557897319982,-1.1086626245216111,0.07309941520467836,0.7309941520467836
1.0,0.7929925155296614,-3.506557897319982,-0.7657178733947807,0.040983606557377046,0.6557377049180327
1.0,0.7466879474879751,-3.506557897319982,-0.5418004280654213,0.04274965800273598,0.6839945280437757
1.0,0.20701416938432612,-1.6094379124341003,1.1314021114911006,0.04251700680272109,0.6802721088435374
1.0,0.4762341789963717,-3.3104430183936913,-0.20702416943432653,0.04101049868766404,0.6561679790026247
1.0,0.19885085874516517,-1.6094379124341003,1.1314021114911006,0.04122691292875989,0.6596306068601583
1.0,0.8109302162163288,-3.506557897319982,-0.9480394301887354,0.03901373283395755,0.6242197253433208
1.0,0.7323678937132266,-3.506557897319982,-0.7657178733947807,0.03762793497892836,0.6020469596628537
1.0,0.7514160886839212,-3.506557897319982,-0.7657178733947807,0.03970775095298602,0.6353240152477764
1.0,0.2151113796169455,-1.6094379124341003,1.1314021114911006,0.042925824175824176,0.6868131868131868
1.0,0.5187937934151675,-3.3298073855754824,-0.20702416943432653,0.04522431259044862,0.723589001447178
1.0,0.8241754429663494,-1.6094379124341003,1.1314021114911006,0.04605747973470892,0.7369196757553427
1.0,0.23111172096338664,-1.6094379124341003,1.1314021114911006,0.044738725841088046,0.7158196134574087
1.0,0.20701416938432612,-1.6094379124341003,1.1314021114911006,0.04358437935843794,0.697350069735007
1.0,0.2151113796169455,-1.6094379124341003,1.1314021114911006,0.04325259515570934,0.6920415224913494
1.0,0.5247285289349821,-3.3991993789994823,-0.20702416943432653,0.04709871891484552,0.7535795026375283
1.0,0.7839015438284094,-3.506557897319982,-0.7657178733947807,0.042258282623394185,0.676132521974307
1.0,0.7884573603642703,-1.6094379124341003,1.1314021114911006,0.044515669515669515,0.7122507122507122
1.0,1.5953389880545987,0.9427379018890034,3.044522437723423,0.05328218243819267,0.8525149190110827
1.0,1.6370530794670737,0.36464311358790924,3.044522437723423,0.057816836262719704,0.9250693802035153
1.0,1.5830939370944985,0.4014570867106256,3.044522437723423,0.05526083112290009,0.8841732979664014
1.0,1.6389967146756448,0.6392188385343897,3.044522437723423,0.05415944540727903,0.8665511265164645
1.0,1.5173226235262947,0.38662202030668447,3.044522437723423,0.0563570784490532,0.9017132551848512
1.0,0.12221763272424911,0.0,1.8718021769015913,0.16056518946692358,0.6422607578676943
1.0,0.14842000511827322,0.6931471805599453,2.5649493574615367,0.16479894528675015,0.6591957811470006
1.0,0.7227059828014898,-2.995732273553991,-1.1239300966523995,0.15644555694618273,0.6257822277847309
1.0,0.0769610411361284,0.0,2.5649493574615367,0.17580872011251758,0.7032348804500703
1.0,0.06765864847381486,0.0,2.5649493574615367,0.1720578114246387,0.6882312456985548
1.0,0.10436001532424286,0.0,2.5649493574615367,0.17705382436260622,0.7082152974504249
1.0,0.2151113796169455,-0.05129329438755058,1.8229350866965048,0.15772870662460567,0.6309148264984227
1.0,0.17395330712343798,0.6931471805599453,2.5649493574615367,0.16778523489932887,0.6711409395973155
1.0,0.28517894223366247,-0.6931471805599453,1.1786549963416462,0.16318537859007834,0.6527415143603134
1.0,0.1570037488096647,-0.6931471805599453,1.1786549963416462,0.1601537475976938,0.6406149903907752
1.0,0.1570037488096647,0.6931471805599453,2.5649493574615367,0.17458100558659218,0.6983240223463687
1.0,1.667706820558076,-0.05129329438755058,1.8229350866965048,0.17857142857142858,0.7142857142857143
1.0,1.3217558399823195,0.0,1.8718021769015913,0.17445917655268667,0.6978367062107467
1.0,0.20701416938432612,-0.05129329438755058,1.8229350866965048,0.19592476489028213,0.7836990595611285
1.0,0.13976194237515863,0.6931471805599453,2.5649493574615367,0.1718213058419244,0.6872852233676976
1.0,0.131028262406404,0.0,1.8718021769015913,0.17277125086385625,0.691085003455425
1.0,0.1823215567939546,0.0,1.8718021769015913,0.16914749661705006,0.6765899864682002
1.0,0.16551443847757333,-0.6931471805599453,1.1786549963416462,0.16523463317911435,0.6609385327164574
1.0,0.3148107398400336,-0.6931471805599453,1.1786549963416462,0.16170763260025872,0.6468305304010349
1.0,1.6900958154515549,-0.05129329438755058,1.8229350866965048,0.16202203499675957,0.6480881399870383
1.0,0.1570037488096647,0.0,1.8718021769015913,0.177430801987225,0.7097232079489
1.0,0.16551443847757333,0.6931471805599453,2.5649493574615367,0.18050541516245489,0.7220216606498195
1.0,0.17395330712343798,0.0,1.8718021769015913,0.17793594306049823,0.7117437722419929
1.0,0.02955880224154443,0.0,1.1786549963416462,0.15006002400960383,0.6002400960384153
1.0,1.3376291891386096,0.0,1.8718021769015913,0.17869907076483202,0.7147962830593281
1.0,0.131028262406404,0.0,2.5649493574615367,0.1849112426035503,0.7396449704142012
1.0,0.2151113796169455,-0.05129329438755058,1.8229350866965048,0.1724137931034483,0.6896551724137931
1.0,1.33500106673234,0.0,1.8718021769015913,0.17667844522968199,0.7067137809187279
1.0,0.1823215567939546,-0.6931471805599453,1.1786549963416462,0.16914749661705006,0.6765899864682002
1.0,0.7080357930536959,0.0,1.8718021769015913,0.17857142857142858,0.7142857142857143
1.0,0.11332868530700327,0.0,1.8718021769015913,0.16611295681063123,0.6644518272425249
1.0,0.6931471805599453,0.0,1.8718021769015913,0.171939477303989,0.687757909215956
1.0,0.131028262406404,0.0,1.8718021769015913,0.1667778519012675,0.66711140760507
1.0,0.16551443847757333,0.0,1.8718021769015913,0.17793594306049823,0.7117437722419929
1.0,0.20701416938432612,-0.05129329438755058,1.8229350866965048,0.1654533421575116,0.6618133686300464
1.0,0.6780335427498971,0.0,1.8718021769015913,0.17029972752043596,0.6811989100817438
1.0,1.6974487897568136,-0.05129329438755058,1.8229350866965048,0.195160031225605,0.78064012490242
1.0,0.058268908123975824,0.0,1.1786549963416462,0.15365703749231716,0.6146281499692686
1.0,0.06765864847381486,0.0,1.1786549963416462,0.16223231667748214,0.6489292667099286
1.0,0.2151113796169455,-0.05129329438755058,1.8229350866965048,0.2,0.8
1.0,1.6937790608678513,-0.05129329438755058,1.8229350866965048,0.2032520325203252,0.8130081300813008
1.0,0.12221763272424911,0.0,1.1786549963416462,0.15451174289245984,0.6180469715698393
1.0,0.12221763272424911,0.0,1.1786549963416462,0.15852885225110971,0.6341154090044389
1.0,0.598836501088704,-1.9449106487222299,1.3862943611198906,0.04859086491739553,0.6802721088435374
1.0,0.5766133643039938,-1.9449106487222299,1.3862943611198906,0.05105687736138058,0.7147962830593281
1.0,0.6097655716208943,-1.9449106487222299,1.3862943611198906,0.05157297576070139,0.7220216606498195
1.0,0.5128236264286637,-1.9449106487222299,1.3862943611198906,0.050911312493636084,0.7127583749109052
1.0,0.5766133643039938,-1.9449106487222299,1.3862943611198906,0.05105687736138058,0.7147962830593281
1.0,1.275362800412609,-1.2517634681622845,1.3862943611198906,0.05206164098292378,0.7288629737609329
1.0,0.5877866649021191,-1.2517634681622845,1.3862943611198906,0.051610239471511145,0.7225433526011561
1.0,0.6471032420585384,-1.2517634681622845,1.3862943611198906,0.05370569280343716,0.7518796992481203
1.0,0.62057648772511,-1.2517634681622845,1.3862943611198906,0.05225206395652628,0.731528895391368
1.0,1.2892326482767593,-1.2517634681622845,1.3862943611198906,0.052988554472233995,0.7418397626112759
1.0,0.5933268452777344,-1.9449106487222299,1.3862943611198906,0.05498735290883097,0.7698229407236336
1.0,0.5596157879354227,-1.9449106487222299,1.3862943611198906,0.05366534292154127,0.7513148009015778
1.0,0.5187937934151675,-1.2517634681622845,1.3862943611198906,0.05545696539485359,0.7763975155279503
1.0,1.8293763327993617,-0.2781278596469693,3.044522437723423,0.040032025620496396,0.800640512409928
1.0,3.292126286607793,0.11600367575630613,3.033509637888021,0.061124694376528114,1.2224938875305624
1.0,1.8421356765531218,0.5888971591861462,3.044522437723423,0.05324813631522897,1.0649627263045793
1.0,0.8109302162163288,-2.995732273553991,-0.2876820724517809,0.033852403520649964,0.6770480704129993
1.0,1.9021075263969205,-0.5621189181535413,3.044522437723423,0.040032025620496396,0.800640512409928
1.0,0.7371640659767196,-3.0576076772720784,-0.2876820724517809,0.031017369727047148,0.6203473945409429
1.0,3.1484533605716547,0.11600367575630613,3.033509637888021,0.06082725060827251,1.2165450121654502
1.0,0.7747271675523681,-3.123565645063876,-0.2876820724517809,0.032552083333333336,0.6510416666666666
1.0,3.2188758248682006,-0.5709295478356962,3.0392705755684744,0.062034739454094295,1.2406947890818858
1.0,0.7608058290337602,-3.036554268074246,-0.26984215432345,0.030902348578491966,0.6180469715698393
1.0,3.258096538021482,-0.5709295478356962,3.0392705755684744,0.06693440428380187,1.3386880856760375
1.0,1.8594181177018698,-0.18922533311074907,3.044522437723423,0.03894080996884735,0.778816199376947
1.0,0.7561219797213337,-3.151217176394386,-0.2941026402547037,0.030395136778115502,0.60790273556231
1.0,0.8064758658669485,-3.0576076772720784,-0.2876820724517809,0.032722513089005235,0.6544502617801047
1.0,2.018895041811802,-0.941608539858445,3.044522437723423,0.04022526146419952,0.8045052292839904
1.0,0.7608058290337602,-3.101092789211817,-0.2876820724517809,0.03158559696778269,0.6317119393556538
1.0,1.8656293177945105,0.688134638736401,3.044522437723423,0.05060728744939271,1.0121457489878543
1.0,1.6174060820832772,0.7598708126028534,3.044522437723423,0.05107252298263534,1.0214504596527068
1.0,1.9021075263969205,-0.5621189181535413,3.044522437723423,0.04038772213247173,0.8077544426494345
1.0,1.8562979903656263,-0.6616485135005743,3.044522437723423,0.04681647940074907,0.9363295880149812
1.0,3.517497837358316,0.11600367575630613,3.033509637888021,0.044722719141323794,0.8944543828264758
1.0,1.506297153514587,-1.5779392453747294,3.044522437723423,0.037009622501850484,0.7401924500370096
1.0,1.9021075263969205,-0.5621189181535413,3.044522437723423,0.04212299915754002,0.8424599831508003
1.0,2.768204123921957,-2.3025850929940455,1.315066851831523,0.04240882103477523,0.8481764206955047
1.0,2.1090003439213802,-0.36068296533627114,3.044522437723423,0.04448398576512456,0.8896797153024911
1.0,1.7783364488959144,-0.46251176348744,3.044522437723423,0.03717472118959108,0.7434944237918215
1.0,0.8415671856782185,-3.0261914810386994,-0.2876820724517809,0.036205648081100654,0.724112961622013
1.0,1.803358605071407,-0.5516476182862459,3.044522437723423,0.043859649122807015,0.8771929824561403
1.0,1.9021075263969205,-0.5621189181535413,3.044522437723423,0.04084967320261438,0.8169934640522876
1.0,3.104586678466073,0.11600367575630613,3.033509637888021,0.04926108374384237,0.9852216748768473
1.0,3.054001181677967,-0.5709295478356962,3.0392705755684744,0.04299226139294927,0.8598452278589854
1.0,1.7387102481382397,-0.6045870035804651,3.044522437723423,0.048216007714561235,0.9643201542912246
1.0,1.8229350866965048,-0.6281087843807232,3.044522437723423,0.042662116040955635,0.8532423208191127
1.0,1.7613002617433464,0.2538667239570503,3.044522437723423,0.05186721991701245,1.037344398340249
1.0,1.6213664832993742,-1.067986095126349,3.044522437723423,0.04194630872483222,0.8389261744966443
1.0,3.044522437723423,-0.5709295478356962,3.0392705755684744,0.04812319538017324,0.9624639076034649
1.0,1.9021075263969205,-0.5621189181535413,3.044522437723423,0.04512635379061372,0.9025270758122743
1.0,1.3887912413184778,-0.5698681643997741,3.044522437723423,0.04363001745200698,0.8726003490401396
1.0,1.9021075263969205,-0.5621189181535413,3.044522437723423,0.042625745950554135,0.8525149190110827
1.0,3.1354942159291497,0.11600367575630613,3.033509637888021,0.04508566275924256,0.9017132551848512
1.0,0.8109302162163288,-3.1122660898099426,-0.2876820724517809,0.03759398496240601,0.7518796992481203
1.0,2.928523523860541,0.11600367575630613,3.033509637888021,0.044444444444444446,0.8888888888888888
1.0,1.9021075263969205,-0.5621189181535413,3.044522437723423,0.04382120946538125,0.8764241893076249
1.0,2.758109400974947,-2.3025850929940455,1.279822116609374,0.04180602006688963,0.8361204013377926
1.0,1.843719208158766,-0.5700449834259619,3.044522437723423,0.04604051565377532,0.9208103130755064
1.0,2.91235066461494,-0.5709295478356962,3.0392705755684744,0.04621072088724584,0.9242144177449169
1.0,1.5830939370944985,-0.9023878267051636,3.044522437723423,0.05122950819672131,1.0245901639344261
1.0,1.843719208158766,-0.688557728226138,3.044522437723423,0.04638218923933209,0.9276437847866419
1.0,1.8825138324965192,0.16466662155523393,3.044522437723423,0.04945598417408507,0.9891196834817013
1.0,2.1400661634962708,-0.37323996081342753,3.044522437723423,0.04488330341113106,0.8976660682226212
1.0,2.081938421878423,-0.23939997383373254,3.044522437723423,0.046125461254612546,0.922509225092251
1.0,0.8544153281560676,-3.0576076772720784,-0.2876820724517809,0.03526093088857546,0.7052186177715092
1.0,1.8809906029559975,-0.5711065546509208,3.044522437723423,0.04748338081671415,0.949667616334283
1.0,2.064327903869788,0.024302292522964817,3.044522437723423,0.04284490145672665,0.856898029134533
1.0,0.9042181506398859,-3.0878475624617967,-0.2669648308630592,0.0353356890459364,0.7067137809187279
1.0,1.9021075263969205,-0.5621189181535413,3.044522437723423,0.043668122270742356,0.8733624454148472
1.0,1.534714366238164,-1.6820086052689358,3.044522437723423,0.0413564929693962,0.8271298593879239
1.0,0.8153648132841944,-3.0470255679415414,-0.2876820724517809,0.034482758620689655,0.6896551724137931
1.0,0.8153648132841944,-3.0449225177447627,-0.2843542823591063,0.034106412005457026,0.6821282401091405
1.0,2.0906287310704004,-0.23559575925344942,3.044522437723423,0.044762757385854966,0.8952551477170994
1.0,1.6505798557652755,0.2468600779315258,3.044522437723423,0.053022269353128315,1.0604453870625663
1.0,3.091042453358316,0.11600367575630613,3.033509637888021,0.05065856129685917,1.0131712259371835
1.0,0.8241754429663494,-3.079113882493042,-0.27220250160339454,0.03553660270078181,0.7107320540156361
1.0,3.4307561839036995,-0.5709295478356962,3.0392705755684744,0.044762757385854966,0.8952551477170994
1.0,0.7275486072772777,-2.985781942700823,-0.2974630843068863,0.032362459546925564,0.6472491909385113
1.0,2.776954179749421,-2.3025850929940455,1.279822116609374,0.041084634346754315,0.8216926869350862
1.0,1.9021075263969205,-0.5621189181535413,3.044522437723423,0.04180602006688963,0.8361204013377926
1.0,2.7285062096695922,-2.966950472128539,0.647626665258136,0.0397456279809221,0.794912559618442
1.0,3.0252910757955354,0.11600367575630613,3.033509637888021,0.04405286343612335,0.8810572687224669
1.0,1.9021075263969205,-0.5621189181535413,3.044522437723423,0.042625745950554135,0.8525149190110827
1.0,3.0007198150650303,-0.5709295478356962,3.0392705755684744,0.04743833017077799,0.9487666034155597
1.0,1.7544036826842861,-0.7776163371863952,3.044522437723423,0.03790750568612585,0.7581501137225171
1.0,3.0349529867072724,-0.5709295478356962,3.0392705755684744,0.04248088360237893,0.8496176720475785
1.0,3.0819099697950434,0.11600367575630613,3.033509637888021,0.050454086781029264,1.0090817356205852
1.0,1.8115620965242347,-0.37921273696409863,3.044522437723423,0.044365572315882874,0.8873114463176575
1.0,3.131136910560194,0.11600367575630613,3.033509637888021,0.05112474437627812,1.0224948875255624
1.0,1.6054298910365616,0.2151113796169455,3.044522437723423,0.0536480686695279,1.0729613733905579
1.0,2.9391619220655967,-0.5709295478356962,3.0392705755684744,0.047664442326024785,0.9532888465204957
1.0,1.410986973710262,0.10975086395911929,3.044522437723423,0.0471253534401508,0.942507068803016
1.0,1.6486586255873816,-2.7150748160391744,3.044522437723423,0.04409171075837742,0.8818342151675485
1.0,3.0106208860477417,-0.5709295478356962,3.0392705755684744,0.044722719141323794,0.8944543828264758
1.0,1.6752256529721035,-2.885981409594872,3.044522437723423,0.04325259515570934,0.8650519031141869
1.0,1.8325814637483102,-0.0015011261262670914,3.044522437723423,0.05428881650380022,1.0857763300760044
1.0,1.7509374747078,-0.5561717255328675,3.044522437723423,0.047664442326024785,0.9532888465204957
1.0,1.8341801851120072,0.4081282255276481,3.044522437723423,0.059665871121718374,1.1933174224343674
1.0,1.9600947840472698,-1.5606477482646683,3.044522437723423,0.04212299915754002,0.8424599831508003
1.0,2.7067159780890733,-2.5902671654458267,1.024606875357614,0.04194630872483222,0.8389261744966443
1.0,2.733067964077498,-2.3025850929940455,1.279822116609374,0.04215851602023609,0.8431703204047217
1.0,1.8325814637483102,-0.5918549290780729,3.044522437723423,0.045167118337850046,0.9033423667570009
1.0,1.5665304114228238,-1.0532565869473125,3.044522437723423,0.040290088638195005,0.8058017727639001
1.0,2.9856819377004897,0.11600367575630613,3.033509637888021,0.0522466039707419,1.044932079414838
1.0,1.5810384379124025,0.20782684720231653,3.044522437723423,0.05428881650380022,1.0857763300760044
1.0,2.8075938314384716,-2.3025850929940455,1.308332819650179,0.0390625,0.78125
1.0,1.8562979903656263,-0.5293290953305504,3.044522437723423,0.041981528127623846,0.8396305625524769
1.0,1.501852701754163,0.0,3.044522437723423,0.05122950819672131,1.0245901639344261
1.0,1.8213182714695995,-0.5659860349432663,3.044522437723423,0.044722719141323794,0.8944543828264758
1.0,3.1780538303479458,0.11600367575630613,3.033509637888021,0.04452359750667854,0.8904719501335708
1.0,3.0349529867072724,0.11600367575630613,3.033509637888021,0.045372050816696916,0.9074410163339383
1.0,3.044522437723423,0.11600367575630613,3.033509637888021,0.05307855626326964,1.0615711252653928
1.0,2.89591193827178,-0.5709295478356962,3.0392705755684744,0.053022269353128315,1.0604453870625663
1.0,1.5195132049061133,-0.13353139262452263,3.044522437723423,0.04194630872483222,0.8389261744966443
1.0,1.5851452198650557,-0.11328068645896629,3.044522437723423,0.044722719141323794,0.8944543828264758
1.0,2.7788192719904172,-2.3025850929940455,1.315066851831523,0.04101722723543889,0.8203445447087777
1.0,1.4883995840570443,-0.18632957819149348,3.044522437723423,0.04830917874396135,0.966183574879227
1.0,2.064327903869788,-0.06560575709799385,3.044522437723423,0.047619047619047616,0.9523809523809523
1.0,3.109060958860994,0.11600367575630613,3.033509637888021,0.0496031746031746,0.9920634920634921
1.0,1.9459101490553132,0.15357908792830058,3.044522437723423,0.05319148936170213,1.0638297872340425
1.0,2.7625383863862796,-2.5902671654458267,1.024606875357614,0.04091653027823241,0.8183306055646481
1.0,3.044522437723423,-0.5709295478356962,3.0392705755684744,0.04351610095735422,0.8703220191470844
1.0,1.7316555451583497,-1.6581030844153815,3.044522437723423,0.044964028776978415,0.8992805755395683
1.0,1.673351238177753,-0.3455937110707741,3.044522437723423,0.042662116040955635,0.8532423208191127
1.0,1.8825138324965192,0.15614868248993138,3.044522437723423,0.05219206680584551,1.0438413361169103
1.0,1.5432981099295553,-0.2984060358147566,3.044522437723423,0.049850448654037885,0.9970089730807578
1.0,1.6193882432872684,0.14669437915080344,3.044522437723423,0.05241090146750524,1.0482180293501049
1.0,1.472472057360943,-0.038325114321667894,3.044522437723423,0.04906771344455348,0.9813542688910697
1.0,1.5953389880545987,-1.3727860110950982,3.044522437723423,0.04299226139294927,0.8598452278589854
1.0,2.7421295147550726,-2.966950472128539,0.647626665258136,0.037821482602118005,0.75642965204236
1.0,1.9021075263969205,-0.5621189181535413,3.044522437723423,0.0425531914893617,0.851063829787234
1.0,3.095577608523707,0.11600367575630613,3.033509637888021,0.04826254826254826,0.9652509652509652
1.0,2.7806808921371173,-2.3025850929940455,1.315066851831523,0.04128819157720892,0.8257638315441783
1.0,2.1435893615035875,-0.05160913373323024,3.044522437723423,0.04240882103477523,0.8481764206955047
1.0,3.1484533605716547,0.11600367575630613,3.033509637888021,0.045167118337850046,0.9033423667570009
1.0,2.995732273553991,0.11600367575630613,3.033509637888021,0.05246589716684155,1.0493179433368311
1.0,3.0106208860477417,-0.5709295478356962,3.0392705755684744,0.050200803212851405,1.0040160642570282
1.0,1.6094379124341003,-0.07289332552032483,3.044522437723423,0.05537098560354374,1.1074197120708749
1.0,2.975529566236472,-0.5709295478356962,3.0392705755684744,0.045998160073597055,0.9199632014719411
1.0,0.8628899551470398,-3.0576076772720784,-0.2876820724517809,0.03556187766714083,0.7112375533428165
1.0,2.71336936257981,-2.966950472128539,0.647626665258136,0.039936102236421724,0.7987220447284346
1.0,2.7376090033437546,-2.5902671654458267,1.024606875357614,0.04095004095004095,0.819000819000819
1.0,3.0155349008501706,0.11600367575630613,3.033509637888021,0.05040322580645161,1.0080645161290323
1.0,1.9021075263969205,-0.5621189181535413,3.044522437723423,0.04440497335701599,0.8880994671403197
1.0,0.8796267475025636,-3.1122660898099426,-0.2876820724517809,0.03563791874554526,0.7127583749109052
1.0,1.7934247485471162,0.4014570867106256,3.044522437723423,0.0536480686695279,1.0729613733905579
1.0,0.8109302162163288,-2.995732273553991,-0.25154302583590776,0.03219575016097875,0.6439150032195751
1.0,0.85015092936961,-2.995732273553991,-0.28914981572681564,0.03604902667627974,0.7209805335255948
1.0,1.4422019930581866,-0.38639804539093864,3.044522437723423,0.050352467270896276,1.0070493454179255
1.0,3.122364924487357,-0.5709295478356962,3.0392705755684744,0.054945054945054944,1.098901098901099
1.0,1.9035989509835904,-0.49462424442798264,3.044522437723423,0.04784688995215311,0.9569377990430622
1.0,0.8329091229351039,-3.146555163288575,-0.3133418192323586,0.035868005738880916,0.7173601147776184
1.0,1.3862943611198906,-1.57310598318671,3.044522437723423,0.04638218923933209,0.9276437847866419
1.0,1.851599469584072,-0.30938249943111995,3.044522437723423,0.04280821917808219,0.8561643835616438
1.0,2.155244505095337,-0.7176448121603456,3.044522437723423,0.040983606557377046,0.819672131147541
1.0,0.5596157879354227,-1.3862943611198906,1.3862943611198906,0.11930326890956812,0.7158196134574087
1.0,0.4824261492442928,-1.3862943611198906,1.3862943611198906,0.11671335200746966,0.7002801120448179
1.0,0.5538851132264376,-0.6931471805599453,1.3862943611198906,0.11193194537721066,0.6715916722632639
1.0,0.5481214085096876,-1.3862943611198906,1.3862943611198906,0.13196093956188967,0.7917656373713381
1.0,1.244154593958768,-0.6931471805599453,1.3862943611198906,0.11947431302270012,0.7168458781362007
1.0,0.6471032420585384,-0.6931471805599453,1.3862943611198906,0.12254901960784313,0.7352941176470589
1.0,0.6931471805599453,-0.6931471805599453,1.3862943611198906,0.13154433043935806,0.7892659826361483
1.0,0.6678293725756554,-0.6931471805599453,1.3862943611198906,0.1278118609406953,0.7668711656441718
1.0,1.2837077723447896,-0.6931471805599453,1.3862943611198906,0.13144058885383805,0.7886435331230284
1.0,1.2837077723447896,-0.6931471805599453,1.3862943611198906,0.12790995139421846,0.7674597083653109
1.0,0.6471032420585384,-1.8325814637483102,1.3862943611198906,0.05811250581125058,0.697350069735007
1.0,0.6981347220709843,-1.8325814637483102,1.3862943611198906,0.06038647342995169,0.7246376811594203
1.0,0.6729444732424258,-1.1394342831883648,1.3862943611198906,0.06016847172081829,0.7220216606498195
1.0,0.7275486072772777,-1.8325814637483102,1.3862943611198906,0.06546216286986122,0.7855459544383346
1.0,0.6830968447064438,-1.8325814637483102,1.3862943611198906,0.06375924509053812,0.7651109410864575
1.0,0.6678293725756554,-1.1394342831883648,1.3862943611198906,0.06289308176100629,0.7547169811320755
1.0,1.2892326482767593,-1.1394342831883648,1.3862943611198906,0.06021194605009634,0.7225433526011561
1.0,1.2781522025001875,-1.1394342831883648,1.3862943611198906,0.058644147314098054,0.7037297677691766
1.0,0.7839015438284094,-1.8325814637483102,1.3862943611198906,0.06656017039403621,0.7987220447284346
1.0,0.6259384308664954,-1.1394342831883648,1.3862943611198906,0.0572737686139748,0.6872852233676976
1.0,0.7178397931503168,-1.1394342831883648,1.3862943611198906,0.06587615283267458,0.7905138339920948
1.0,1.3376291891386096,-1.1394342831883648,1.3862943611198906,0.06546216286986122,0.7855459544383346
1.0,1.2149127443642704,-1.1394342831883648,1.3862943611198906,0.06500260010400416,0.7800312012480499
1.0,1.3217558399823195,-1.1394342831883648,1.3862943611198906,0.06317917614354308,0.7581501137225171
1.0,0.6981347220709843,-1.1394342831883648,1.3862943611198906,0.06464959917248513,0.7757951900698216
1.0,0.5247285289349821,-1.5606477482646683,1.3862943611198906,0.08909479686386315,0.7127583749109052
1.0,0.6418538861723947,-0.8675005677047231,1.3862943611198906,0.09238728750923873,0.7390983000739099
1.0,0.5653138090500605,-0.8675005677047231,1.3862943611198906,0.09204712812960236,0.7363770250368189
1.0,0.62057648772511,-0.8675005677047231,1.3862943611198906,0.09090909090909091,0.7272727272727273
1.0,1.2809338454620642,-0.8675005677047231,1.3862943611198906,0.08954154727793696,0.7163323782234957
1.0,1.247032293786383,-0.8675005677047231,1.3862943611198906,0.09018759018759019,0.7215007215007215
1.0,0.5709795465857378,-0.8675005677047231,1.3862943611198906,0.08503401360544217,0.6802721088435374
1.0,1.2325602611778486,-0.8675005677047231,1.3862943611198906,0.08884150675195451,0.7107320540156361
1.0,0.5653138090500605,-1.5606477482646683,1.3862943611198906,0.09811616954474098,0.7849293563579278
1.0,0.6523251860396901,-0.8675005677047231,1.3862943611198906,0.09735202492211838,0.778816199376947
1.0,1.199964782928397,-0.8675005677047231,1.3862943611198906,0.09819324430479183,0.7855459544383346
1.0,0.6575200029167941,-0.8675005677047231,1.3862943611198906,0.10105092966855295,0.8084074373484236
1.0,1.1314021114911006,-0.8675005677047231,1.3862943611198906,0.1,0.8
1.0,0.6626879730752367,-2.14729220858801,1.3862943611198906,0.028210336267208307,0.7898894154818326
1.0,0.6043159668533296,-1.9071703207393829,1.3862943611198906,0.028640164967350213,0.8019246190858059
1.0,0.5364933705145685,-1.854699269001929,1.3862943611198906,0.026396367859782496,0.7390983000739099
1.0,0.62057648772511,-2.076246650783317,1.3862943611198906,0.029012417314610652,0.8123476848090982
1.0,0.6729444732424258,-2.1498640059763816,1.3862943611198906,0.029322073657049027,0.8210180623973727
1.0,0.6471032420585384,-2.397995277798704,1.3862943611198906,0.029467232437529467,0.8250825082508251
1.0,0.7227059828014898,-2.385966701933097,1.3862943611198906,0.030814741772463947,0.8628127696289906
1.0,1.9125010869241836,-3.009831197933493,0.0,0.026792412388811488,0.7501875468867217
1.0,0.7323678937132266,-2.047942874620465,1.3862943611198906,0.030656039239730228,0.8583690987124464
1.0,0.7080357930536959,-1.8508727337205617,1.3862943611198906,0.030343488287413522,0.8496176720475785
1.0,1.5260563034950492,-3.423442990609475,0.0,0.030525030525030524,0.8547008547008547
1.0,0.7561219797213337,-1.7282214484240672,1.3862943611198906,0.03024071610015725,0.8467400508044031
1.0,1.8779371654691073,-3.001750345879554,0.0,0.02818807080843387,0.7892659826361483
1.0,0.7323678937132266,-2.047942874620465,1.3862943611198906,0.030656039239730228,0.8583690987124464
1.0,1.4906543764441336,-3.4673371841667002,0.0,0.030472940029254023,0.8532423208191127
