,Constant,len,dia,hei,w_wei,s_wei,v_wei,sh_wei,y_pred,y_act
17,1.0,0.61,0.365,0.155,1.0765,0.488,0.249,0.27,9.588279681984268,9
25,1.0,0.665,0.525,0.18,1.5785,0.6779999999999999,0.2289999999999999,0.456,13.571333467873187,14
41,1.0,0.565,0.435,0.185,0.9815,0.3289999999999999,0.136,0.39,14.157071000067335,13
42,1.0,0.705,0.535,0.22,1.866,0.929,0.3835,0.4395,10.956884725070097,10
45,1.0,0.62,0.48,0.23,1.0935,0.4029999999999999,0.245,0.355,13.801554382059894,14
49,1.0,0.595,0.47,0.25,1.283,0.462,0.2475,0.445,14.693402456716873,14
51,1.0,0.555,0.44,0.15,1.092,0.416,0.212,0.4405,13.192261462479513,15
70,1.0,0.65,0.525,0.205,1.4275,0.69,0.306,0.4355,12.129102387891093,13
83,1.0,0.65,0.475,0.165,1.3875,0.58,0.3485,0.3095,11.304090963925411,9
121,1.0,0.58,0.445,0.17,1.178,0.3935,0.2165,0.315,13.307079441783664,20
125,1.0,0.65,0.515,0.175,1.4805,0.5295,0.272,0.525,15.25340349003138,20
137,1.0,0.69,0.56,0.215,1.719,0.68,0.299,0.47,14.80448825240945,17
138,1.0,0.455,0.325,0.135,0.82,0.4005,0.1715,0.211,8.712722730945126,8
145,1.0,0.695,0.58,0.2,1.8995,0.675,0.478,0.5295,15.40854569587207,13
158,1.0,0.635,0.495,0.18,1.596,0.617,0.317,0.37,12.987796588186301,11
185,1.0,0.645,0.505,0.165,1.307,0.4335,0.262,0.52,15.471405300860694,10
191,1.0,0.63,0.49,0.225,1.336,0.6805,0.259,0.3245,10.904369976482766,10
195,1.0,0.69,0.55,0.2,1.8465,0.732,0.472,0.57,14.189885813000624,19
213,1.0,0.72,0.55,0.2,1.9965,0.9035,0.469,0.5215,12.196174556330995,10
230,1.0,0.635,0.51,0.21,1.598,0.6535,0.2835,0.58,14.667513661590043,15
243,1.0,0.68,0.55,0.21,1.7445,0.5975,0.305,0.625,17.07816961685992,17
246,1.0,0.695,0.525,0.175,1.742,0.696,0.389,0.505,13.590584801774076,12
250,1.0,0.605,0.46,0.17,1.122,0.347,0.3045,0.315,13.344769742962578,13
254,1.0,0.49,0.355,0.16,0.8795,0.3485,0.215,0.2825,10.703680450741194,8
269,1.0,0.68,0.58,0.2,1.787,0.585,0.4529999999999999,0.6,16.752952122236216,19
281,1.0,0.575,0.435,0.15,1.0305,0.4605,0.218,0.36,11.49503780291234,8
287,1.0,0.565,0.505,0.21,1.2765,0.501,0.2789999999999999,0.355,13.373682260976427,12
290,1.0,0.665,0.5,0.175,1.742,0.595,0.3025,0.725,16.86086361582314,21
291,1.0,0.635,0.525,0.205,1.484,0.55,0.3115,0.43,14.42982171621667,20
306,1.0,0.745,0.585,0.215,2.499,0.9265,0.472,0.7,16.628241165903955,17
310,1.0,0.675,0.525,0.17,1.711,0.8365,0.352,0.475,11.313774438497445,9
339,1.0,0.74,0.595,0.19,2.3235,1.1495,0.5115,0.505,10.613279942009283,11
341,1.0,0.355,0.27,0.075,0.204,0.3045,0.046,0.0595,4.978983362302985,7
349,1.0,0.695,0.55,0.155,1.8495,0.767,0.442,0.4175,12.375129454467118,10
360,1.0,0.565,0.435,0.185,1.032,0.354,0.2045,0.31,13.077954144142973,20
372,1.0,0.55,0.425,0.16,0.97,0.2885,0.139,0.48,14.974970332390086,20
377,1.0,0.54,0.42,0.19,0.6855,0.293,0.163,0.38,12.593059912489174,10
402,1.0,0.645,0.485,0.155,1.489,0.5915,0.312,0.38,12.504535954196081,18
409,1.0,0.69,0.54,0.185,1.6195,0.5329999999999999,0.353,0.555,16.1570360687548,24
410,1.0,0.715,0.55,0.19,2.0045,1.0465,0.407,0.5075,10.33228046496123,12
413,1.0,0.185,0.375,0.12,0.4645,0.196,0.1045,0.15,10.183744684419658,6
432,1.0,0.68,0.515,0.175,1.6185,0.5125,0.409,0.62,16.159144993840332,12
437,1.0,0.74,0.575,0.22,2.012,0.8915,0.5265,0.471,12.258410097227172,12
439,1.0,0.73,0.57,0.165,2.0165,1.0685,0.418,0.435,9.543876607087189,10
444,1.0,0.61,0.5,0.165,1.2715,0.4915,0.185,0.49,14.593459510767412,12
460,1.0,0.66,0.495,0.195,1.6275,0.594,0.3595,0.485,14.21958089221927,10
464,1.0,0.54,0.41,0.145,0.989,0.2815,0.213,0.355,13.487308063588173,19
465,1.0,0.625,0.5,0.195,1.369,0.5875,0.2185,0.37,12.916794879424522,17
470,1.0,0.535,0.405,0.125,0.927,0.26,0.1425,0.345,13.562634667468004,16
474,1.0,0.7,0.565,0.175,1.8565,0.8445,0.3935,0.54,12.847054643413674,10
485,1.0,0.715,0.565,0.24,2.1995,0.7245,0.465,0.885,19.214005062455847,17
487,1.0,0.645,0.49,0.215,1.406,0.4265,0.2285,0.51,16.48789390608791,25
497,1.0,0.7,0.535,0.16,1.7255,0.63,0.2635,0.54,15.490537822239025,19
498,1.0,0.7,0.585,0.185,1.8075,0.7055,0.3215,0.475,14.925606663477062,29
506,1.0,0.645,0.5,0.225,1.626,0.5870000000000001,0.4055,0.41,13.809033869043434,15
512,1.0,0.635,0.48,0.235,1.064,0.413,0.228,0.36,13.66964040386101,16
513,1.0,0.53,0.41,0.165,0.8115,0.24,0.1689999999999999,0.24,12.676030173055409,19
515,1.0,0.62,0.51,0.175,1.615,0.5105,0.192,0.675,17.812213047958355,12
549,1.0,0.595,0.47,0.155,1.121,0.4515,0.178,0.155,11.409478339898836,11
565,1.0,0.57,0.43,0.12,1.0615,0.348,0.1669999999999999,0.31,12.939243572565383,15
577,1.0,0.605,0.475,0.16,1.616,0.5495,0.332,0.34,13.333404999354634,18
585,1.0,0.64,0.51,0.175,1.368,0.515,0.266,0.57,15.120398688528198,21
592,1.0,0.755,0.575,0.2,2.073,1.0135,0.4655,0.48,11.083577828081442,11
601,1.0,0.66,0.515,0.18,1.523,0.54,0.3365,0.555,15.214660156459258,16
613,1.0,0.375,0.27,0.135,0.597,0.272,0.131,0.1675,8.48784993532153,7
619,1.0,0.77,0.605,0.175,2.0505,0.8005,0.526,0.355,12.997406034312375,11
627,1.0,0.525,0.43,0.125,0.813,0.3315,0.166,0.1775,10.837591716564708,12
633,1.0,0.54,0.405,0.155,0.9715,0.3225,0.1939999999999999,0.29,12.4413015265274,19
640,1.0,0.595,0.43,0.21,1.5245,0.653,0.396,0.41,11.22452915183178,11
661,1.0,0.605,0.45,0.165,1.2225,0.357,0.2019999999999999,0.385,14.72484866592375,13
688,1.0,0.695,0.55,0.16,1.6365,0.6940000000000001,0.3005,0.44,13.293657022604727,13
689,1.0,0.8,0.63,0.195,2.526,0.933,0.59,0.62,15.839547895865135,23
694,1.0,0.655,0.59,0.2,1.5455,0.654,0.3765,0.415,13.606347790046915,11
719,1.0,0.585,0.455,0.125,1.027,0.391,0.212,0.25,11.787614242486493,17
723,1.0,0.585,0.455,0.225,1.055,0.3815,0.221,0.365,13.726472498414287,15
724,1.0,0.555,0.405,0.19,1.406,0.6115,0.342,0.389,10.812448203916958,10
727,1.0,0.71,0.53,0.195,1.8745,0.6755,0.4065,0.6855,16.104243226488975,12
731,1.0,0.78,0.63,0.215,2.657,1.4880000000000002,0.4985,0.586,8.92318513654226,11
733,1.0,0.585,0.47,0.165,1.409,0.8,0.2289999999999999,0.295,8.744986783125134,10
742,1.0,0.75,0.61,0.235,2.5085,1.232,0.519,0.612,11.788600108364278,14
746,1.0,0.58,0.43,0.17,1.48,0.6535,0.324,0.4155,11.097687650277217,10
751,1.0,0.63,0.515,0.155,1.259,0.4105,0.1969999999999999,0.41,15.173689972618815,13
752,1.0,0.735,0.555,0.22,2.333,1.2395,0.3645,0.6195,10.780961685337473,12
755,1.0,0.76,0.605,0.215,2.173,0.8009999999999999,0.4915,0.6459999999999999,16.370300710935073,13
762,1.0,0.705,0.555,0.215,2.141,1.0465,0.3829999999999999,0.528,11.687993085031158,11
764,1.0,0.705,0.57,0.18,1.5345,0.96,0.4195,0.43,8.463928338356956,12
771,1.0,0.545,0.385,0.15,1.1185,0.5425,0.2445,0.2845,9.390933809346784,9
772,1.0,0.695,0.55,0.215,1.9565,0.7125,0.541,0.59,14.960638347424913,14
777,1.0,0.71,0.54,0.165,1.959,0.7665,0.261,0.78,16.70759908086649,18
784,1.0,0.56,0.44,0.155,0.6405,0.336,0.1765,0.245,10.613473983146484,8
788,1.0,0.74,0.6,0.195,1.974,0.598,0.4085,0.71,18.941815632651647,16
789,1.0,0.655,0.54,0.215,1.844,0.7425,0.327,0.585,14.99700278777313,22
794,1.0,0.54,0.475,0.155,1.217,0.5305,0.3075,0.34,11.435974011024225,16
807,1.0,0.62,0.48,0.165,1.0125,0.5325,0.4365,0.324,9.500538737346043,10
810,1.0,0.7,0.575,0.205,1.773,0.605,0.447,0.5379999999999999,15.936863880821045,13
827,1.0,0.485,0.37,0.155,0.968,0.419,0.2455,0.2365,9.817086495468793,9
844,1.0,0.545,0.42,0.125,0.9745,0.353,0.174,0.305,12.19357235032998,13
847,1.0,0.605,0.505,0.18,1.4340000000000002,0.7285,0.264,0.431,11.331698287974788,11
866,1.0,0.62,0.485,0.22,1.511,0.5095,0.284,0.51,15.506370215498052,17
885,1.0,0.78,0.6,0.21,2.548,1.1945,0.5745,0.6745,12.337286138931928,11
905,1.0,0.66,0.505,0.2,1.6305,0.4865,0.297,0.61,17.287434722374957,18
918,1.0,0.665,0.555,0.195,1.4385,0.581,0.354,0.36,13.27531138122923,17
926,1.0,0.755,0.58,0.205,2.0065,0.8295,0.4015,0.595,14.743389917850777,10
929,1.0,0.69,0.55,0.195,1.777,0.769,0.38,0.4305,12.742828087744758,11
932,1.0,0.625,0.475,0.13,0.8595,0.3195,0.1775,0.24,12.336072025312124,13
933,1.0,0.615,0.525,0.155,1.1375,0.367,0.236,0.37,14.72556516567572,20
936,1.0,0.665,0.54,0.175,1.347,0.4955,0.254,0.415,14.638125768397405,17
944,1.0,0.66,0.525,0.215,1.786,0.6725,0.3615,0.4065,13.969399942781173,11
957,1.0,0.655,0.58,0.205,2.0805,0.959,0.3415,0.601,13.667544274321095,17
972,1.0,0.68,0.55,0.2,1.596,0.525,0.4075,0.585,16.29490627781407,21
979,1.0,0.71,0.57,0.195,1.9805,0.9925,0.4925,0.48,10.585699276314394,12
980,1.0,0.655,0.53,0.165,1.2835,0.583,0.1255,0.4,13.437069932314998,8
996,1.0,0.615,0.475,0.17,1.1825,0.474,0.2895,0.24,11.576394425500284,11
1018,1.0,0.535,0.385,0.18,1.0835,0.4955,0.2295,0.304,10.368804595657018,8
1031,1.0,0.65,0.52,0.21,1.6785,0.6665,0.308,0.46,14.047520907882411,11
1046,1.0,0.745,0.585,0.19,1.966,0.8435,0.437,0.5855,13.962901346648959,18
1061,1.0,0.515,0.35,0.155,0.9225,0.4185,0.198,0.273,9.84623070172726,9
1075,1.0,0.705,0.565,0.515,2.21,1.1075,0.4865,0.512,13.136189812112075,10
1079,1.0,0.67,0.52,0.15,1.406,0.519,0.348,0.37,13.243647220216348,13
1088,1.0,0.69,0.505,0.2,1.872,0.893,0.4015,0.48,11.122387976207516,10
1092,1.0,0.645,0.495,0.185,1.4935,0.5265,0.2785,0.455,14.628790480700387,15
1105,1.0,0.545,0.405,0.175,0.98,0.2585,0.207,0.38,14.179634277259552,18
1116,1.0,0.41,0.335,0.11,0.33,0.157,0.0705,0.17,9.71899755462057,7
1159,1.0,0.575,0.42,0.19,1.764,0.914,0.377,0.4095,8.566618159922143,10
1162,1.0,0.75,0.565,0.215,1.938,0.7735,0.4825,0.575,14.414956420529617,11
1165,1.0,0.735,0.59,0.205,2.087,0.909,0.474,0.625,13.954546414914194,12
1168,1.0,0.38,0.275,0.095,0.1375,0.086,0.0585,0.0605,7.975693695306674,7
1170,1.0,0.595,0.475,0.16,1.3175,0.408,0.2339999999999999,0.58,16.05540086393529,21
1178,1.0,0.715,0.565,0.18,1.79,0.8440000000000001,0.3535,0.5385,12.749498355507448,9
1181,1.0,0.595,0.47,0.175,0.991,0.382,0.2395,0.5,14.012408193789677,12
1185,1.0,0.685,0.55,0.19,1.885,0.89,0.41,0.4895,11.792891965127096,10
1200,1.0,0.69,0.545,0.205,1.933,0.7855,0.429,0.498,13.605628164933805,13
1207,1.0,0.435,0.3,0.12,0.5965,0.259,0.139,0.1645,8.894491570563991,8
1210,1.0,0.6,0.475,0.23,1.157,0.522,0.2235,0.36,12.51575557951072,11
1218,1.0,0.605,0.47,0.115,1.114,0.3925,0.291,0.31,12.346347536606972,15
1219,1.0,0.31,0.225,0.07,0.1055,0.435,0.015,0.04,1.882847938906097,5
1220,1.0,0.725,0.57,0.19,2.3305,1.253,0.541,0.52,8.721749847327546,9
1228,1.0,0.735,0.585,0.185,2.124,0.952,0.55,0.5,11.920155411991756,11
1235,1.0,0.58,0.46,0.165,1.2275,0.473,0.1965,0.435,13.588211565327667,16
1238,1.0,0.645,0.525,0.19,1.8085,0.7035,0.3885,0.395,13.181706919385416,18
1239,1.0,0.485,0.39,0.085,0.6435,0.2945,0.103,0.198,10.050104808042349,8
1241,1.0,0.625,0.525,0.215,1.5765,0.5115,0.2595,0.665,17.643456952137175,16
1257,1.0,0.505,0.475,0.16,1.1155,0.509,0.239,0.3065,11.381326910082922,8
1261,1.0,0.725,0.575,0.175,2.124,0.765,0.4515,0.85,17.599290056242417,20
1269,1.0,0.705,0.555,0.2,1.4685,0.4715,0.3235,0.52,16.454278697583334,19
1286,1.0,0.66,0.52,0.18,1.514,0.526,0.2975,0.42,14.684328147615172,19
1293,1.0,0.66,0.535,0.2,1.791,0.733,0.318,0.54,14.36227269045725,15
1301,1.0,0.64,0.515,0.08,1.042,0.515,0.1755,0.175,10.173024255578353,10
1307,1.0,0.7,0.54,0.215,1.978,0.6675,0.3125,0.71,17.86818494191748,24
1308,1.0,0.45,0.38,0.165,0.8165,0.25,0.1915,0.265,12.186591176207157,23
1309,1.0,0.355,0.275,0.085,0.22,0.092,0.06,0.15,8.918523228180069,8
1314,1.0,0.66,0.525,0.18,1.6935,0.6025,0.4005,0.42,14.032593981390262,15
1373,1.0,0.695,0.56,0.185,1.7715,0.8195,0.331,0.437,12.368053865138693,10
1375,1.0,0.73,0.595,0.23,2.8255,1.1465,0.419,0.897,17.294787229843205,17
1378,1.0,0.725,0.575,0.24,2.21,1.351,0.413,0.5015,7.730870843004,13
1395,1.0,0.735,0.6,0.22,2.555,1.1335,0.44,0.6,13.622150880119639,11
1408,1.0,0.71,0.57,0.195,1.348,0.8985,0.4435,0.4535,8.456132031140166,11
1421,1.0,0.575,0.46,0.165,1.124,0.2985,0.1785,0.44,15.701355388717731,13
1422,1.0,0.72,0.58,0.19,2.0885,0.9955,0.478,0.5305,11.711733741013541,13
1431,1.0,0.565,0.39,0.125,0.7440000000000001,0.352,0.13,0.1685,9.746945244192199,11
1432,1.0,0.655,0.545,0.185,1.759,0.6865,0.313,0.547,14.952622798402981,11
1439,1.0,0.38,0.32,0.115,0.6475,0.3229999999999999,0.1325,0.1639999999999999,8.5120757208073,7
1446,1.0,0.655,0.5,0.22,1.359,0.642,0.3255,0.405,11.884230568629906,13
1447,1.0,0.675,0.555,0.205,1.925,0.713,0.358,0.4535,14.863443179963918,13
1451,1.0,0.665,0.535,0.225,2.1835,0.7535,0.391,0.885,18.601271131230348,27
1458,1.0,0.665,0.535,0.155,1.383,0.596,0.2565,0.485,13.628596751621464,14
1466,1.0,0.76,0.575,0.19,1.829,0.7035,0.386,0.56,15.21884681951376,14
1476,1.0,0.485,0.345,0.16,0.8690000000000001,0.3085,0.185,0.319,11.541262425898191,9
1490,1.0,0.675,0.55,0.18,1.6885,0.562,0.3705,0.6,16.443592803537815,15
1494,1.0,0.645,0.5,0.18,1.461,0.5985,0.2425,0.439,13.514504888867037,11
1499,1.0,0.68,0.56,0.165,1.639,0.6055,0.2805,0.46,15.05248285350956,15
1508,1.0,0.62,0.52,0.225,1.1835,0.3779999999999999,0.27,0.395,15.3318141166016,23
1515,1.0,0.615,0.485,0.215,0.9615,0.422,0.176,0.29,12.651687761817135,11
1527,1.0,0.7,0.55,0.17,1.6840000000000002,0.7535,0.3265,0.32,11.741207898747852,11
1537,1.0,0.74,0.58,0.205,2.381,0.8155,0.4695,0.488,15.889722143852255,12
1542,1.0,0.235,0.13,0.075,0.1585,0.0685,0.037,0.0465,6.203277780390036,5
1569,1.0,0.38,0.235,0.1,0.258,0.1055,0.054,0.08,8.03948482139298,7
1580,1.0,0.67,0.545,0.16,1.5415,0.5985,0.2565,0.495,14.750532284280775,15
1585,1.0,0.725,0.565,0.21,2.1425,1.03,0.487,0.503,11.222226196866274,14
1621,1.0,0.66,0.565,0.195,1.7605,0.6920000000000001,0.3265,0.5,14.815334501591686,16
1638,1.0,0.71,0.575,0.215,2.009,0.9895,0.4475,0.502,11.46511720906383,11
1676,1.0,0.63,0.51,0.19,1.4985,0.4125,0.3075,0.545,17.060934042685528,16
1682,1.0,0.275,0.205,0.07,0.1055,0.495,0.019,0.0315,0.6388987129138405,5
1697,1.0,0.74,0.565,0.205,2.119,0.9655,0.5185,0.482,11.647701619963426,12
1702,1.0,0.72,0.575,0.215,2.1,0.8565,0.4825,0.602,14.456203082478854,12
1703,1.0,0.72,0.55,0.205,2.125,1.1455,0.4425,0.511,9.507305513303402,13
1707,1.0,0.65,0.525,0.19,1.385,0.8875,0.3095,0.405,8.618209148106498,11
1711,1.0,0.64,0.525,0.185,1.707,0.763,0.4205,0.4435,11.848669142038375,11
1723,1.0,0.72,0.55,0.195,2.073,1.0715,0.4265,0.5015,10.237618319622444,9
1728,1.0,0.495,0.375,0.155,0.976,0.45,0.2285,0.2475,9.661207535140964,9
1731,1.0,0.71,0.565,0.205,2.198,1.012,0.5225,0.5475,11.870559835538147,11
1741,1.0,0.675,0.565,0.195,1.8375,0.7645,0.3615,0.5529999999999999,14.369258558569904,12
1746,1.0,0.565,0.45,0.185,0.9285,0.302,0.1805,0.265,13.271744477240379,12
1760,1.0,0.675,0.525,0.17,1.8095,0.784,0.391,0.455,12.263197468029373,12
1761,1.0,0.7,0.535,0.175,1.773,0.6805,0.48,0.512,13.633294627193738,15
1786,1.0,0.625,0.485,0.17,1.4369999999999998,0.5855,0.293,0.475,13.233208762153275,11
1789,1.0,0.815,0.65,0.25,2.255,0.8905,0.42,0.7975,17.990186761561286,14
1836,1.0,0.63,0.475,0.175,1.423,0.4155,0.3385,0.49,15.385674220981047,14
1865,1.0,0.62,0.495,0.175,1.806,0.643,0.3285,0.725,16.293185053105727,17
1874,1.0,0.71,0.555,0.195,1.9485,0.9455,0.3765,0.495,11.697706343174628,12
1891,1.0,0.515,0.4,0.125,0.955,0.341,0.2535,0.26,11.16992291910552,13
1896,1.0,0.7,0.58,0.205,2.13,0.7415,0.49,0.58,16.089449572182954,20
1897,1.0,0.5,0.37,0.15,1.0615,0.494,0.223,0.296,9.78163113631617,9
1901,1.0,0.64,0.585,0.195,1.6469999999999998,0.7225,0.331,0.471,13.754625508416696,12
1902,1.0,0.725,0.505,0.185,1.978,1.026,0.4255,0.4505,9.290413016683221,12
1910,1.0,0.57,0.465,0.18,1.295,0.3389999999999999,0.2225,0.44,16.013505813848912,12
1912,1.0,0.615,0.5,0.175,1.3769999999999998,0.5585,0.33,0.292,11.970278041973655,12
1916,1.0,0.615,0.495,0.155,1.2865,0.435,0.293,0.3245,13.48748405893109,11
1920,1.0,0.715,0.565,0.175,1.9525,0.7645,0.4185,0.4135,13.49082458946434,10
1922,1.0,0.595,0.465,0.15,0.98,0.4115,0.196,0.2255,11.487339979191178,10
1924,1.0,0.575,0.465,0.195,0.9965,0.417,0.247,0.47,13.365554788161623,8
1932,1.0,0.71,0.565,0.195,1.817,0.785,0.492,0.49,12.702421720462047,11
1939,1.0,0.585,0.405,0.15,1.2565,0.435,0.2019999999999999,0.325,12.586904141907354,15
1956,1.0,0.625,0.47,0.145,1.7855,0.675,0.247,0.3245,12.666386959156911,13
1961,1.0,0.485,0.365,0.15,0.9145,0.4145,0.1989999999999999,0.273,10.015167673591714,7
1974,1.0,0.325,0.225,0.075,0.139,0.0565,0.032,0.09,7.930948494747892,6
1975,1.0,0.51,0.41,0.155,1.2825,0.569,0.291,0.3795,10.737620197491273,9
1998,1.0,0.75,0.55,0.195,1.8325,0.83,0.366,0.44,12.323470433013503,11
1999,1.0,0.685,0.54,0.16,1.6675,0.833,0.3775,0.475,11.084486867218192,11
2012,1.0,0.63,0.51,0.23,1.539,0.5635,0.2815,0.57,15.759221790922505,17
2013,1.0,0.39,0.28,0.125,0.564,0.3035,0.0955,0.143,7.926498380811096,7
2017,1.0,0.645,0.515,0.175,1.6115,0.6745,0.384,0.385,12.170984122501203,14
2031,1.0,0.635,0.5,0.18,1.319,0.5485,0.292,0.49,13.510511787660498,16
2034,1.0,0.765,0.6,0.22,2.302,1.007,0.509,0.6205,13.767384505279232,12
2053,1.0,0.7,0.575,0.19,2.273,1.095,0.418,0.638,12.38659431321861,12
2054,1.0,0.49,0.355,0.155,0.981,0.465,0.2015,0.2505,9.379494593240619,8
2085,1.0,0.595,0.495,0.185,1.285,0.416,0.2239999999999999,0.485,15.605342779652682,13
2087,1.0,0.69,0.525,0.2,1.7825,0.9165,0.3325,0.461,10.820789365448864,12
2089,1.0,0.725,0.55,0.22,2.0495,0.7735,0.4405,0.655,15.726186605950968,10
2113,1.0,0.525,0.365,0.17,0.9605,0.4379999999999999,0.2225,0.276,9.985834060074883,10
2125,1.0,0.32,0.215,0.095,0.305,0.14,0.067,0.0885,7.463577953499084,6
2137,1.0,0.29,0.21,0.075,0.275,0.113,0.0675,0.035,7.052073960649052,6
2138,1.0,0.52,0.4,0.165,0.8565,0.2745,0.201,0.21,11.875159855319808,12
2142,1.0,0.75,0.595,0.205,2.2205,1.083,0.421,0.63,12.592514368858986,12
2150,1.0,0.48,0.355,0.16,0.4639999999999999,0.221,0.106,0.239,10.541916620641274,8
2159,1.0,0.71,0.545,0.175,1.907,0.8725,0.4565,0.475,11.59240561208368,11
2173,1.0,0.275,0.175,0.09,0.2315,0.096,0.057,0.0705,7.021525871322754,5
2175,1.0,0.63,0.49,0.17,1.2155,0.4625,0.2045,0.3105,13.17197818984235,10
2178,1.0,0.64,0.54,0.175,1.571,0.627,0.271,0.475,14.323643351430762,18
2193,1.0,0.515,0.38,0.175,0.9565,0.325,0.158,0.31,12.507912606304814,14
2207,1.0,0.695,0.55,0.205,2.173,1.133,0.4665,0.496,9.707757113361072,10
2212,1.0,0.49,0.38,0.14,0.7605,0.245,0.1669999999999999,0.185,11.292110055671149,10
2215,1.0,0.725,0.565,0.215,1.891,0.6975,0.4725,0.58,15.356581937611828,16
2219,1.0,0.68,0.54,0.195,1.7825,0.5565,0.3235,0.4285,16.079055068949753,11
2221,1.0,0.625,0.49,0.155,1.2085,0.465,0.162,0.411,13.960924363465534,11
2223,1.0,0.35,0.25,0.1,0.4015,0.1725,0.063,0.1255,8.359661451140386,7
2237,1.0,0.6,0.47,0.2,1.031,0.392,0.2035,0.29,12.986547982972263,15
2239,1.0,0.65,0.59,0.22,1.662,0.77,0.3779999999999999,0.435,12.877898732042775,11
2246,1.0,0.6,0.49,0.21,1.9875,1.005,0.419,0.491,9.986814960285574,10
2253,1.0,0.75,0.615,0.205,2.2635,0.821,0.423,0.726,17.646301215248943,12
2255,1.0,0.74,0.605,0.2,2.4925,1.1455,0.575,0.5235,11.610622306301,13
2264,1.0,0.72,0.575,0.215,2.226,0.8955,0.405,0.62,15.204558413930174,13
2269,1.0,0.675,0.545,0.195,1.7345,0.6845,0.3695,0.605,15.011547114908092,20
2281,1.0,0.635,0.495,0.175,1.211,0.7070000000000001,0.2725,0.3229999999999999,9.352977583647847,9
2292,1.0,0.735,0.57,0.21,2.2355,1.1705,0.4629999999999999,0.5315,10.116545328942298,10
2299,1.0,0.72,0.565,0.2,2.1055,1.017,0.363,0.494,11.800792586306859,12
2302,1.0,0.55,0.38,0.165,1.205,0.5429999999999999,0.294,0.3345,10.003290507407277,10
2311,1.0,0.645,0.515,0.24,1.5415,0.471,0.369,0.535,16.498702907651147,13
2313,1.0,0.56,0.45,0.155,0.9125,0.3595,0.271,0.35,12.15650097140806,10
2379,1.0,0.72,0.595,0.225,1.969,0.8045,0.423,0.66,15.616606053516197,16
2383,1.0,0.62,0.51,0.15,1.456,0.581,0.2875,0.32,12.478834488786966,13
2393,1.0,0.58,0.45,0.235,1.071,0.3,0.206,0.395,15.339409640240403,14
2402,1.0,0.63,0.48,0.175,1.3675,0.5015,0.3035,0.515,14.271763441653434,17
2407,1.0,0.45,0.335,0.105,0.447,0.2335,0.153,0.119,8.35211065626872,7
2409,1.0,0.535,0.415,0.15,0.5765,0.3595,0.135,0.225,9.619783171936875,8
2430,1.0,0.725,0.57,0.19,2.55,1.0705,0.483,0.725,14.50374222302373,14
2431,1.0,0.765,0.585,0.18,2.398,1.128,0.512,0.5335,11.338349445250259,12
2432,1.0,0.58,0.455,0.165,1.1365,0.369,0.3005,0.275,12.723016062621513,13
2449,1.0,0.685,0.54,0.215,1.7025,0.664,0.3655,0.4735,14.292304653961315,14
2460,1.0,0.73,0.56,0.19,1.9425,0.799,0.5195,0.5655,13.490112137064665,11
2465,1.0,0.53,0.42,0.13,1.001,0.34,0.226,0.265,11.96920631012703,17
2475,1.0,0.71,0.565,0.195,1.7265,0.638,0.3365,0.565,15.83205905138738,17
2488,1.0,0.64,0.565,0.23,1.521,0.644,0.372,0.406,13.484676617050885,15
2495,1.0,0.495,0.4,0.155,0.8085,0.2345,0.1155,0.35,13.644218173943901,6
2500,1.0,0.685,0.52,0.15,1.3430000000000002,0.4635,0.292,0.4,14.257594500543815,13
2516,1.0,0.72,0.56,0.175,1.7265,0.637,0.3415,0.525,15.284858808155622,17
2531,1.0,0.73,0.55,0.205,1.908,0.5415,0.3565,0.5965,18.27268302125569,14
2556,1.0,0.625,0.49,0.11,1.136,0.5265,0.1915,0.2925,11.215288738695046,9
2564,1.0,0.775,0.63,0.25,2.7795,1.3485,0.76,0.578,10.324119472053333,12
2566,1.0,0.695,0.53,0.2,2.0475,0.75,0.4195,0.6095,15.40539588814976,14
2576,1.0,0.75,0.555,0.215,2.201,1.0615,0.5235,0.5285,10.966689173784811,11
2587,1.0,0.67,0.52,0.195,1.8065,0.758,0.3735,0.5055,13.246975725256608,11
2590,1.0,0.56,0.42,0.18,1.6645,0.7755,0.35,0.4525,10.421825059477472,9
2596,1.0,0.625,0.525,0.195,1.352,0.4505,0.2445,0.53,16.187763176987584,13
2605,1.0,0.67,0.51,0.18,1.68,0.926,0.2975,0.3935,9.435524594466152,13
2617,1.0,0.54,0.425,0.12,0.8170000000000001,0.2945,0.153,0.195,11.499413846380241,10
2618,1.0,0.715,0.585,0.23,2.0725,0.8655,0.4095,0.565,14.603148837493121,10
2622,1.0,0.71,0.56,0.175,1.724,0.5660000000000001,0.4575,0.4625,15.150896749439964,13
2632,1.0,0.55,0.465,0.18,1.2125,0.3245,0.205,0.525,16.482628327505463,27
2653,1.0,0.6,0.475,0.135,1.4405,0.5885,0.191,0.3175,12.235195957509015,9
2669,1.0,0.625,0.49,0.19,1.7015,0.7465,0.4105,0.3855,11.254423772974805,11
2679,1.0,0.4,0.31,0.1,0.127,0.106,0.071,0.085,8.252188941663361,7
2682,1.0,0.73,0.585,0.225,2.2305,1.2395,0.422,0.563,9.889210608901776,14
2709,1.0,0.65,0.485,0.14,1.175,0.475,0.2435,0.215,11.498694971987934,8
2713,1.0,0.735,0.565,0.205,2.1275,0.949,0.46,0.565,12.900079281291985,12
2719,1.0,0.55,0.415,0.175,1.042,0.3295,0.2325,0.2905,12.82036990454174,15
2728,1.0,0.625,0.43,0.175,1.411,0.5720000000000001,0.297,0.395,11.957608442584938,12
2734,1.0,0.775,0.57,0.22,2.032,0.735,0.4755,0.6585,16.283274461238026,17
2748,1.0,0.55,0.41,0.125,0.7605,0.2505,0.1635,0.195,11.595206082792194,14
2749,1.0,0.72,0.575,0.195,2.1505,1.0745,0.382,0.585,11.861416967058899,10
2758,1.0,0.52,0.395,0.18,0.64,0.158,0.11,0.245,13.213762013311472,22
2764,1.0,0.535,0.405,0.175,1.2705,0.5479999999999999,0.3265,0.337,10.553867140113645,13
2791,1.0,0.315,0.23,0.0,0.134,0.0575,0.0285,0.3505,9.247132083254805,6
2845,1.0,0.425,0.325,0.1,0.3979999999999999,0.1185,0.0645,0.0945,9.932905230394473,6
2846,1.0,0.455,0.435,0.11,0.4265,0.195,0.09,0.1205,10.611838078032777,8
2857,1.0,0.435,0.395,0.105,0.3635,0.136,0.098,0.13,10.543839392486126,9
2867,1.0,0.62,0.485,0.205,1.219,0.3875,0.2505,0.385,14.787650000506384,14
2883,1.0,0.67,0.525,0.165,1.6085,0.682,0.3145,0.4005,12.632321044737672,11
2905,1.0,0.655,0.51,0.215,1.7835,0.8885,0.4095,0.4195,10.385797524810858,11
2911,1.0,0.69,0.54,0.195,1.2525,0.73,0.3975,0.462,10.308015256421099,12
2922,1.0,0.725,0.58,0.185,1.523,0.8045,0.3595,0.4375,11.278074905863043,9
2925,1.0,0.655,0.46,0.16,1.494,0.6895,0.331,0.1825,9.233003207412478,9
2936,1.0,0.64,0.575,0.175,1.4585,0.625,0.266,0.4395,13.962918468449871,11
2955,1.0,0.62,0.47,0.225,1.115,0.3779999999999999,0.2145,0.36,14.331820669715894,15
2956,1.0,0.685,0.525,0.175,1.71,0.5415,0.309,0.58,16.706450865262653,16
2958,1.0,0.595,0.495,0.235,1.366,0.5065,0.2189999999999999,0.52,15.453220128612903,13
2974,1.0,0.59,0.455,0.165,1.161,0.38,0.2455,0.28,13.071778513484809,12
2986,1.0,0.695,0.55,0.22,1.5515,0.5660000000000001,0.3835,0.445,14.730509317242516,13
3004,1.0,0.645,0.51,0.18,1.6195,0.7815,0.322,0.4675,11.601233022970899,12
3016,1.0,0.65,0.495,0.18,1.793,0.8005,0.3389999999999999,0.53,12.461796724670187,14
3035,1.0,0.67,0.505,0.175,1.0145,0.4375,0.271,0.3745,12.70939692637626,10
3036,1.0,0.68,0.5,0.185,1.741,0.7665,0.3255,0.4685,12.40801062629837,12
3053,1.0,0.755,0.625,0.21,2.505,1.1965,0.513,0.6785,12.806696015473026,11
3058,1.0,0.7,0.545,0.13,1.556,0.6725,0.374,0.195,10.585377351290235,12
3073,1.0,0.695,0.535,0.175,1.8385,0.8035,0.396,0.503,12.645827939505468,10
3076,1.0,0.62,0.45,0.2,0.858,0.4285,0.1525,0.2405,11.135801645631545,8
3085,1.0,0.485,0.365,0.14,0.4475,0.1895,0.0925,0.2305,10.896754484454762,8
3086,1.0,0.375,0.245,0.1,0.3939999999999999,0.166,0.091,0.1125,8.080210666523254,6
3090,1.0,0.55,0.465,0.15,1.082,0.3575,0.1939999999999999,0.19,12.610392579374622,14
3100,1.0,0.54,0.44,0.135,0.959,0.2385,0.221,0.3,13.82308963296413,17
3104,1.0,0.465,0.405,0.135,0.7775,0.436,0.1715,0.1455,8.571921926305045,10
3108,1.0,0.66,0.505,0.19,1.4385,0.6775,0.285,0.178,10.213081757875344,11
3112,1.0,0.47,0.37,0.12,0.5795,0.293,0.2269999999999999,0.14,8.552920794837117,9
3139,1.0,0.695,0.525,0.205,1.8185,0.8190000000000001,0.4025,0.4525,12.012813849194357,13
3145,1.0,0.55,0.415,0.18,1.1655,0.502,0.301,0.311,10.774126216702163,9
3169,1.0,0.705,0.55,0.21,1.4385,0.655,0.3255,0.462,13.171649888958575,11
3183,1.0,0.735,0.565,0.225,2.037,0.87,0.5145,0.5675,13.400614500673479,13
3192,1.0,0.59,0.445,0.13,1.1325,0.3825,0.2339999999999999,0.32,12.79937894731435,13
3206,1.0,0.725,0.55,0.2,1.51,0.8735,0.4265,0.5085,10.02145279369516,9
3224,1.0,0.77,0.6,0.215,2.1945,1.0515,0.482,0.584,12.355022444478987,10
3228,1.0,0.64,0.525,0.215,1.779,0.4535,0.2855,0.55,18.65075438148137,22
3235,1.0,0.6,0.46,0.155,0.6655,0.285,0.149,0.2689999999999999,12.124301469542141,11
3242,1.0,0.5,0.385,0.13,0.768,0.2625,0.095,0.27,12.121286517468045,13
3249,1.0,0.605,0.495,0.19,1.4369999999999998,0.469,0.2655,0.41,14.938330690565461,15
3258,1.0,0.655,0.545,0.165,1.6225,0.6555,0.299,0.513,14.293330854390131,12
3263,1.0,0.655,0.53,0.19,1.4280000000000002,0.493,0.318,0.565,15.838185109495765,18
3266,1.0,0.68,0.56,0.195,1.664,0.58,0.3855,0.545,15.811797290432775,11
3293,1.0,0.73,0.555,0.18,1.6895,0.6555,0.1965,0.4935,15.423674755385505,10
3332,1.0,0.71,0.575,0.175,1.555,0.6465,0.3705,0.52,14.160361760802257,15
3333,1.0,0.535,0.4,0.15,1.224,0.618,0.275,0.2875,8.929341522622869,10
3343,1.0,0.65,0.52,0.195,1.676,0.693,0.44,0.47,12.791216588480717,15
3344,1.0,0.7,0.6,0.23,2.003,0.8105,0.4045,0.5755,15.325662325271033,10
3349,1.0,0.62,0.495,0.195,1.5145,0.579,0.346,0.5195,14.12640119072223,15
3364,1.0,0.65,0.545,0.23,1.7519999999999998,0.5605,0.2895,0.815,19.248977871462056,16
3379,1.0,0.72,0.6,0.235,2.2385,0.984,0.411,0.621,14.46382579403861,12
3381,1.0,0.72,0.565,0.19,2.081,1.0815,0.4305,0.503,10.287400316392588,11
3385,1.0,0.635,0.495,0.155,1.3635,0.583,0.2985,0.295,11.508774417277618,10
3399,1.0,0.75,0.57,0.21,2.236,1.109,0.5195,0.545,10.779062626579051,11
3401,1.0,0.58,0.455,0.195,1.859,0.945,0.426,0.441,9.1133864318852,9
3427,1.0,0.58,0.46,0.155,1.4395,0.6715,0.273,0.2955,10.317393407362271,10
3446,1.0,0.405,0.31,0.11,0.91,0.416,0.2075,0.0995,7.541565908321809,8
3451,1.0,0.28,0.12,0.075,0.1169999999999999,0.0455,0.0289999999999999,0.0345,6.1293887948634795,4
3456,1.0,0.51,0.37,0.21,1.183,0.508,0.292,0.3429999999999999,10.70820086825181,9
3462,1.0,0.77,0.62,0.195,2.5155,1.1155,0.6415,0.642,12.8134551903002,12
3464,1.0,0.7,0.525,0.175,1.7585,0.8745,0.3615,0.47,10.977795646775643,10
3466,1.0,0.705,0.545,0.17,1.58,0.6435,0.4565,0.265,11.50207813166516,11
3481,1.0,0.71,0.5,0.15,1.3165,0.6835,0.2815,0.28,9.791064886034558,10
3482,1.0,0.475,0.365,0.1,0.1315,0.2025,0.0875,0.123,7.803722745201991,7
3500,1.0,0.72,0.565,0.145,1.187,0.691,0.1945,0.2685,10.23737714830524,8
3505,1.0,0.68,0.57,0.205,1.842,0.625,0.408,0.65,17.02400235845461,20
3506,1.0,0.375,0.28,0.08,0.2165,0.0935,0.0925,0.07,8.121239313171351,7
3509,1.0,0.71,0.56,0.22,2.015,0.9215,0.4539999999999999,0.5660000000000001,12.762056512634802,11
3514,1.0,0.49,0.365,0.13,0.6835,0.165,0.1315,0.205,12.095335770650484,21
3532,1.0,0.67,0.525,0.2,1.7405,0.6205,0.297,0.657,16.570923578400976,11
3540,1.0,0.625,0.505,0.215,1.4455,0.496,0.287,0.435,14.995898358291996,22
3556,1.0,0.715,0.525,0.2,1.89,0.95,0.436,0.4305,10.094865858472408,10
3570,1.0,0.695,0.57,0.2,2.033,0.7509999999999999,0.4255,0.685,16.37563784794348,15
3573,1.0,0.61,0.5,0.18,1.4380000000000002,0.5185,0.3735,0.3345,12.99532357680526,9
3589,1.0,0.705,0.56,0.22,1.981,0.8175,0.3085,0.76,16.394760560276737,14
3599,1.0,0.7,0.555,0.2,1.858,0.73,0.3665,0.595,15.176130221144604,11
3619,1.0,0.67,0.53,0.225,1.5615,0.63,0.487,0.3725,12.457012679266704,11
3620,1.0,0.48,0.375,0.145,0.777,0.216,0.13,0.17,11.898644840140953,9
3624,1.0,0.65,0.485,0.16,1.7395,0.5715,0.2785,0.3075,13.942112649483649,10
3630,1.0,0.595,0.455,0.195,1.3305,0.4595,0.3235,0.345,13.13352120196061,19
3646,1.0,0.655,0.515,0.18,1.412,0.6195,0.2485,0.497,13.522750356504014,11
3647,1.0,0.56,0.455,0.125,0.943,0.344,0.129,0.375,13.41394573229502,21
3650,1.0,0.71,0.555,0.175,2.14,1.2455,0.3725,0.434,7.7988868883365035,11
3653,1.0,0.705,0.535,0.18,1.685,0.693,0.42,0.4045,12.566134731107558,12
3655,1.0,0.735,0.59,0.225,1.756,0.637,0.3405,0.58,16.70216505090655,21
3656,1.0,0.63,0.465,0.15,1.027,0.537,0.188,0.176,9.603460328352678,8
3658,1.0,0.465,0.325,0.14,0.7615,0.362,0.1535,0.209,9.080858651029628,10
3662,1.0,0.61,0.46,0.17,1.278,0.41,0.257,0.37,14.002296165580221,17
3665,1.0,0.455,0.33,0.1,0.372,0.358,0.0775,0.11,6.378452686331644,8
3666,1.0,0.72,0.575,0.23,2.2695,0.8835,0.3985,0.665,16.12561311686763,16
3670,1.0,0.64,0.5,0.175,1.394,0.4935,0.291,0.4,14.049426949313654,10
3681,1.0,0.485,0.365,0.155,1.029,0.4235,0.2285,0.313,10.693865805988436,8
3683,1.0,0.635,0.495,0.015,1.1565,0.5115,0.308,0.2885,10.078240889230305,9
3695,1.0,0.7,0.545,0.215,1.9125,0.8825,0.4385,0.506,12.153251184260352,10
3721,1.0,0.56,0.46,0.235,0.8395,0.3325,0.157,0.305,13.31501951073722,12
3731,1.0,0.69,0.515,0.18,1.8445,0.9815,0.4655,0.341,8.229279547286096,13
3744,1.0,0.72,0.575,0.17,1.9335,0.913,0.389,0.51,12.186022412866912,13
3756,1.0,0.655,0.485,0.195,1.62,0.6275,0.358,0.485,13.556621060543051,17
