Fuel,Primary Carbon,Secondary Carbon,Tertiary Carbon,Quaternary carbon,T(K),P(atm),Fuel (+ACU- mass fraction),Oxidizer,Diluant,Equivalence Ratio,Diluant Type,Time (micro second)
C,0,0,0,0,2164,0.395,0.3007,0.6005,99.0988,1,Ar,600
C,0,0,0,0,2238,0.541,0.3007,0.6005,99.0988,1,Ar,340
C,0,0,0,0,2317,0.541,0.3007,0.6005,99.0988,1,Ar,235
C,0,0,0,0,2470,0.512,0.3007,0.6005,99.0988,1,Ar,141
C,0,0,0,0,2140,0.616,0.3007,1.2079,98.4914,0.5,Ar,304
C,0,0,0,0,2298,0.559,0.3007,1.2079,98.4914,0.5,Ar,193
C,0,0,0,0,2374,0.37,0.3007,1.2079,98.4914,0.5,Ar,238
C,0,0,0,0,2408,0.496,0.3007,1.2079,98.4914,0.5,Ar,155
C,0,0,0,0,1951,1.066,0.2012,0.1,99.6988,4,Ar,530
C,0,0,0,0,2075,1.011,0.2012,0.1,99.6988,4,Ar,256
C,0,0,0,0,2264,1.024,0.2012,0.1,99.6988,4,Ar,83
C,0,0,0,0,2401,0.939,0.2012,0.1,99.6988,4,Ar,42
C,0,0,0,0,1942,1.092,0.1,0.2011,99.6989,0.99,Ar,625
C,0,0,0,0,1989,1.09,0.0994,0.2021,99.6985,0.98,Ar,443
C,0,0,0,0,1997,1.032,0.0994,0.2021,99.6985,0.98,Ar,281
C,0,0,0,0,2053,1.016,0.0994,0.2021,99.6985,0.98,Ar,230
C,0,0,0,0,2169,0.99,0.1,0.2011,99.6989,0.99,Ar,129
C,0,0,0,0,2224,1.039,0.0994,0.2021,99.6985,0.98,Ar,109
C,0,0,0,0,2338,1.219,0.0994,0.2021,99.6985,0.98,Ar,34
C,0,0,0,0,2503,0.924,0.1,0.2011,99.6989,0.99,Ar,35
C,0,0,0,0,1933,1.099,0.1,0.4034,99.4966,0.5,Ar,508
C,0,0,0,0,2210,1.006,0.1,0.4034,99.4966,0.5,Ar,89
C,0,0,0,0,2460,0.91,0.1,0.4034,99.4966,0.5,Ar,27.5
C,0,0,0,0,2056,1.036,0.0997,0.1996,99.7007,1,Ar,632
C,0,0,0,0,2145,1.063,0.1002,0.2,99.6998,1,Ar,287
C,0,0,0,0,2166,1.098,0.1002,0.2,99.6998,1,Ar,305
C,0,0,0,0,2190,1.13,0.0997,0.1996,99.7007,1,Ar,230
C,0,0,0,0,2216,1.081,0.1002,0.2,99.6998,1,Ar,195
C,0,0,0,0,2169,0.497,0.1007,0.2014,99.6979,1,Ar,590
C,0,0,0,0,2223,0.348,0.1007,0.2014,99.6979,1,Ar,650
C,0,0,0,0,2279,0.49,0.1007,0.2014,99.6979,1,Ar,403
C,0,0,0,0,2299,0.472,0.1007,0.2014,99.6979,1,Ar,355
C,0,0,0,0,2623,0.413,0.1007,0.2014,99.6979,1,Ar,140
C,0,0,0,0,1203,50.5,3.8,19.2,77,0.4,Ar,694
C,0,0,0,0,1232,50,3.8,19.2,77,0.4,Ar,555
C,0,0,0,0,1268,49,3.8,19.2,77,0.4,Ar,406
C,0,0,0,0,1285,44.4,3.8,19.2,77,0.4,Ar,415
C,0,0,0,0,1319,48.9,3.8,19.2,77,0.4,Ar,261
C,0,0,0,0,1359,47.3,3.8,19.2,77,0.4,Ar,206
C,0,0,0,0,1137,100.9,3.8,19.2,77,0.4,Ar,661
C,0,0,0,0,1169,98.8,3.8,19.2,77,0.4,Ar,541
C,0,0,0,0,1198,96.2,3.8,19.2,77,0.4,Ar,440
C,0,0,0,0,1207,94.7,3.8,19.2,77,0.4,Ar,392
C,0,0,0,0,1268,98.2,3.8,19.2,77,0.4,Ar,241
C,0,0,0,0,1292,100,3.8,19.2,77,0.4,Ar,191
C,0,0,0,0,1312,94.5,3.8,19.2,77,0.4,Ar,169
C,0,0,0,0,1361,94.7,3.8,19.2,77,0.4,Ar,114
C,0,0,0,0,1198,161.2,3.8,19.2,77,0.4,Ar,253
C,0,0,0,0,1250,150.8,3.8,19.2,77,0.4,Ar,177
C,0,0,0,0,1325,39.8,20,13.3,66.7,3,Ar,654
C,0,0,0,0,1346,47.5,20,13.3,66.7,3,Ar,361
C,0,0,0,0,1383,38.5,20,13.3,66.7,3,Ar,391
C,0,0,0,0,1431,34.5,20,13.3,66.7,3,Ar,250
C,0,0,0,0,1536,35.6,20,13.3,66.7,3,Ar,102
C,0,0,0,0,1167,91,20,13.3,66.7,3,Ar,572
C,0,0,0,0,1196,80.9,20,13.3,66.7,3,Ar,681
C,0,0,0,0,1203,77.7,20,13.3,66.7,3,Ar,622
C,0,0,0,0,1206,83,20,13.3,66.7,3,Ar,541
C,0,0,0,0,1363,91.8,20,13.3,66.7,3,Ar,152
C,0,0,0,0,1418,92.9,20,13.3,66.7,3,Ar,95
C,0,0,0,0,1179,106,20,13.3,66.7,3,Ar,414
C,0,0,0,0,1182,132.2,20,13.3,66.7,3,Ar,280
C,0,0,0,0,1182,102.8,20,13.3,66.7,3,Ar,419
C,0,0,0,0,1156,114,20,13.3,66.7,3,Ar,421
C,0,0,0,0,1244,114.4,20,13.3,66.7,3,Ar,254
C,0,0,0,0,1380,120,20,13.3,66.7,3,Ar,77
C,0,0,0,0,1209,178.4,20,13.3,66.7,3,Ar,170
C,0,0,0,0,1254,163,20,13.3,66.7,3,Ar,157
C,0,0,0,0,1372,164,20,13.3,66.7,3,Ar,71
C,0,0,0,0,1176,262.5,20,13.3,66.7,3,Ar,98
C,0,0,0,0,1239,263.6,20,13.3,66.7,3,Ar,70
C,0,0,0,0,1301,256.2,20,13.3,66.7,3,Ar,55
C,0,0,0,0,1191,51.5,27.3,18.2,54.5,3,Ar,847
C,0,0,0,0,1295,46.6,27.3,18.2,54.5,3,Ar,530
C,0,0,0,0,1362,44.9,27.3,18.2,54.5,3,Ar,221
C,0,0,0,0,1215,71.3,27.3,18.2,54.5,3,Ar,411
C,0,0,0,0,1283,64.3,27.3,18.2,54.5,3,Ar,288
C,0,0,0,0,1346,60.4,27.3,18.2,54.5,3,Ar,190
C,0,0,0,0,1089,125.5,27.3,18.2,54.5,3,Ar,331
C,0,0,0,0,1156,128,27.3,18.2,54.5,3,Ar,231
C,0,0,0,0,1358,47.3,20,13.3,66.7,3,N2,327
C,0,0,0,0,1362,41.4,20,13.3,66.7,3,N2,360
C,0,0,0,0,1381,36.7,20,13.3,66.7,3,N2,425
C,0,0,0,0,1402,43.3,20,13.3,66.7,3,N2,265
C,0,0,0,0,1409,48.2,20,13.3,66.7,3,N2,214
C,0,0,0,0,1414,42.2,20,13.3,66.7,3,N2,238
C,0,0,0,0,1418,40.4,20,13.3,66.7,3,N2,234
C,0,0,0,0,1454,39.5,20,13.3,66.7,3,N2,182
C,0,0,0,0,1486,44.3,20,13.3,66.7,3,N2,115
C,0,0,0,0,1511,39.3,20,13.3,66.7,3,N2,106
C,0,0,0,0,1290,72.1,20,13.3,66.7,3,N2,431
C,0,0,0,0,1344,76.1,20,13.3,66.7,3,N2,259
C,0,0,0,0,1366,74,20,13.3,66.7,3,N2,194
C,0,0,0,0,1408,76.5,20,13.3,66.7,3,N2,124
C,0,0,0,0,1466,75.7,20,13.3,66.7,3,N2,74
C,0,0,0,0,1227,92,20,13.3,66.7,3,N2,504
C,0,0,0,0,1273,86.9,20,13.3,66.7,3,N2,445
C,0,0,0,0,1316,84.1,20,13.3,66.7,3,N2,330
C,0,0,0,0,1390,85,20,13.3,66.7,3,N2,152
C,0,0,0,0,1437,84.4,20,13.3,66.7,3,N2,80
C,0,0,0,0,1149,113,20,13.3,66.7,3,N2,533
C,0,0,0,0,1238,116.8,20,13.3,66.7,3,N2,282
C,0,0,0,0,1286,103.1,20,13.3,66.7,3,N2,233
C,0,0,0,0,1323,117.4,20,13.3,66.7,3,N2,155
C,0,0,0,0,1186,145,20,13.3,66.7,3,N2,261
C,0,0,0,0,1216,139.6,20,13.3,66.7,3,N2,227
C,0,0,0,0,1293,148.2,20,13.3,66.7,3,N2,130
C,0,0,0,0,1317,134.9,20,13.3,66.7,3,N2,135
C,0,0,0,0,1196,55.3,27.3,18.2,54.5,3,N2,738
C,0,0,0,0,1258,54.4,27.3,18.2,54.5,3,N2,453
C,0,0,0,0,1371,59.6,27.3,18.2,54.5,3,N2,151
C,0,0,0,0,1242,86.6,27.3,18.2,54.5,3,N2,228
C,0,0,0,0,1272,82.8,27.3,18.2,54.5,3,N2,200
C,0,0,0,0,1041,128.4,27.3,18.2,54.5,3,N2,433
C,0,0,0,0,1138,139.9,27.3,18.2,54.5,3,N2,194
C,0,0,0,0,1186,138.5,27.3,18.2,54.5,3,N2,182
C,0,0,0,0,1249,122.8,27.3,18.2,54.5,3,N2,142
C,0,0,0,0,1250,133,27.3,18.2,54.5,3,N2,118
C,0,0,0,0,1304,136,27.3,18.2,54.5,3,N2,89
C,0,0,0,0,1327,129.7,27.3,18.2,54.5,3,N2,81
C,0,0,0,0,1150,176.6,27.3,18.2,54.5,3,N2,120
C,0,0,0,0,1230,188.7,27.3,18.2,54.5,3,N2,71
C,0,0,0,0,1235,194,27.3,18.2,54.5,3,N2,67
C,0,0,0,0,1268,169.7,27.3,18.2,54.5,3,N2,72
C,0,0,0,0,1453,20.3,50,16.7,33.3,6,He,466
C,0,0,0,0,1520,13.8,50,16.7,33.3,6,He,420
C,0,0,0,0,1523,18.6,50,16.7,33.3,6,He,333
C,0,0,0,0,1529,13.8,50,16.7,33.3,6,He,391
C,0,0,0,0,1548,15.2,50,16.7,33.3,6,He,345
C,0,0,0,0,1607,12,50,16.7,33.3,6,He,265
C,0,0,0,0,1456,57.2,50,16.7,33.3,6,He,86
C,0,0,0,0,1547,51.2,50,16.7,33.3,6,He,58
C,0,0,0,0,1324,79,50,16.7,33.3,6,He,185
C,0,0,0,0,1367,72.8,50,16.7,33.3,6,He,135
C,0,0,0,0,1395,68.4,50,16.7,33.3,6,He,111
C,0,0,0,0,1128,90.7,50,16.7,33.3,6,He,332
C,0,0,0,0,1203,91.3,50,16.7,33.3,6,He,315
C,0,0,0,0,1290,81.6,50,16.7,33.3,6,He,249
C,0,0,0,0,1272,35.5,17.6,11.8,56.6,3,N2+AC0-He,875
C,0,0,0,0,1338,29.5,17.6,11.8,56.6,3,N2+AC0-He,591
C,0,0,0,0,1398,28.9,17.6,11.8,56.6,3,N2+AC0-He,418
C,0,0,0,0,1458,27,17.6,11.8,56.6,3,N2+AC0-He,260
C,0,0,0,0,1342,49.5,17.6,11.8,56.6,3,N2+AC0-He,379
C,0,0,0,0,1469,47.1,17.6,11.8,56.6,3,N2+AC0-He,149
C,0,0,0,0,1269,57.2,17.6,11.8,56.6,3,N2+AC0-He,529
C,0,0,0,0,1366,61.5,17.6,11.8,56.6,3,N2+AC0-He,181
C,0,0,0,0,1391,60.5,17.6,11.8,56.6,3,N2+AC0-He,152
C,0,0,0,0,1347,76.4,17.6,11.8,56.6,3,N2+AC0-He,233
C,0,0,0,0,1340,92.5,17.6,11.8,56.6,3,N2+AC0-He,128
C,0,0,0,0,1358,106.6,17.6,11.8,56.6,3,N2+AC0-He,111
C,0,0,0,0,1680,85.3,0.25,1,98.75,0.5,Ar,118
C,0,0,0,0,1770,31.2,0.25,1,98.75,0.5,Ar,89
C,0,0,0,0,1730,30.3,0.5,2,97.5,0.5,Ar,73
C,0,0,0,0,1659,80.9,0.5,2,97.5,0.5,Ar,82
C,0,0,0,0,1665,81.2,0.5,2,97.5,0.5,Ar,68
C,0,0,0,0,1830,9.8,0.5,2,97.5,0.5,Ar,98
C,0,0,0,0,1853,10.5,0.5,2,97.5,0.5,Ar,75
C,0,0,0,0,1706,83.9,0.28,0.56,99.16,1,Ar,200
C,0,0,0,0,1811,31.3,0.28,0.56,99.16,1,Ar,128
C,0,0,0,0,1687,30.5,0.28,0.56,99.16,1,Ar,401
C,0,0,0,0,1761,36.8,0.28,0.56,99.16,1,Ar,177
C,0,0,0,0,1821,79.4,0.28,0.56,99.16,1,Ar,74
C,0,0,0,0,1778,79.1,0.56,1.14,98.3,1,Ar,53
C,0,0,0,0,1957,9.7,0.56,1.14,98.3,1,Ar,58
C,0,0,0,0,2043,9.4,0.56,1.14,98.3,1,Ar,41
C,0,0,0,0,1534,30.1,3.4,6.7,89.9,1,Ar,257.5
C,0,0,0,0,1535,61.9,3.4,6.7,89.9,1,Ar,141.25
C,0,0,0,0,1633,31.7,3.4,6.7,89.9,1,Ar,63.75
C,0,0,0,0,1584,34.1,3.4,6.7,89.9,1,Ar,120
C,0,0,0,0,1496,34.4,3.4,6.7,89.9,1,Ar,286.25
C,0,0,0,0,1408,34.6,3.4,6.7,89.9,1,Ar,692.5
C,0,0,0,0,1408,34.6,3.4,6.7,89.9,1,Ar,692.5
C,0,0,0,0,1673,84.4,0.25,1,98.75,0.5,Ar,95
C,0,0,0,0,1590,86.8,0.25,1,98.75,0.5,Ar,209
C,0,0,0,0,1671,32.8,0.25,1,98.75,0.5,Ar,142
C,0,0,0,0,1627,31.7,1,4,95,0.5,Ar,88
C,0,0,0,0,1532,32.3,1,4,95,0.5,Ar,227
C,0,0,0,0,1512,34.5,1,4,95,0.5,Ar,314
C,0,0,0,0,1426,34.1,1,4,95,0.5,Ar,725
C,0,0,0,0,1739,10.1,1,4,95,0.5,Ar,82
C,0,0,0,0,1988,30.2,0.25,0.25,99.5,2,Ar,14
C,0,0,0,0,2031,9.3,0.25,0.25,99.5,2,Ar,20
C,0,0,0,0,1710,39.5,0.5,0.5,99,2,Ar,169
C,0,0,0,0,1896,77.1,0.5,0.5,99,2,Ar,15
C,0,0,0,0,1926,9.4,0.5,0.5,99,2,Ar,63
C,0,0,0,0,1887,9.4,0.5,0.5,99,2,Ar,81
C,0,0,0,0,1807,35.5,0.5,0.5,99,2,Ar,63
C,0,0,0,0,1425,36.6,5,5,90,2,Ar,783
C,0,0,0,0,1579,34.6,5,5,90,2,Ar,173
C,0,0,0,0,1536,33.7,5,5,90,2,Ar,376
C,0,0,0,0,1455,33.9,5,5,90,2,Ar,671
C,0,0,0,0,1555,30.4,5,5,90,2,Ar,268
C,0,0,0,0,1633,29.1,5,5,90,2,Ar,118
C,0,0,0,0,1635,10.2,5,5,90,2,Ar,333
C,0,0,0,0,1744,9.8,5,5,90,2,Ar,110
C,0,0,0,0,1478,60.3,5,5,90,2,Ar,321
C,0,0,0,0,1706,80.9,0.25,0.14,99.61,3.6,Ar,174
C,0,0,0,0,1742,29.9,0.25,0.14,99.61,3.6,Ar,163
C,0,0,0,0,1977,32.3,0.25,0.14,99.61,3.6,Ar,16
C,0,0,0,0,1692,79.9,0.25,0.14,99.61,3.6,Ar,163
C,0,0,0,0,1949,9.5,0.25,0.14,99.61,3.6,Ar,53
C,0,0,0,0,1802,9.2,0.25,0.14,99.61,3.6,Ar,238
C,0,0,0,0,1690,85.7,0.5,0.25,99.25,4,Ar,177
C,0,0,0,0,1818,31.4,0.5,0.25,99.25,4,Ar,60
C,0,0,0,0,2164,0.395,0.3007,0.6055,99.0938,1,Ar,600
C,0,0,0,0,2238,0.541,0.3007,0.6055,99.0938,1,Ar,340
C,0,0,0,0,2317,0.541,0.3007,0.6055,99.0938,1,Ar,235
C,0,0,0,0,2470,0.512,0.3007,0.6055,99.0938,1,Ar,141
C,0,0,0,0,2140,0.616,0.3005,1.2079,98.4916,0.5,Ar,304
C,0,0,0,0,2298,0.559,0.3005,1.2079,98.4916,0.5,Ar,193
C,0,0,0,0,2374,0.37,0.3005,1.2079,98.4916,0.5,Ar,238
C,0,0,0,0,2408,0.496,0.3005,1.2079,98.4916,0.5,Ar,155
C,0,0,0,0,1951,1.066,0.2012,0.1,99.6988,4,Ar,530
C,0,0,0,0,2075,1.011,0.2012,0.1,99.6988,4,Ar,256
C,0,0,0,0,2264,1.024,0.2012,0.1,99.6988,4,Ar,83
C,0,0,0,0,2401,0.939,0.2012,0.1,99.6988,4,Ar,42
C,0,0,0,0,1942,1.092,0.1,0.2011,99.6989,0.99,Ar,625
C,0,0,0,0,1989,1.09,0.0994,0.2021,99.6985,0.98,Ar,443
C,0,0,0,0,1997,1.032,0.0994,0.2021,99.6985,0.98,Ar,281
C,0,0,0,0,2053,1.016,0.0994,0.2021,99.6985,0.98,Ar,230
C,0,0,0,0,2169,0.99,0.1,0.2011,99.6989,0.99,Ar,129
C,0,0,0,0,2224,1.039,0.0994,0.2021,99.6985,0.98,Ar,109
C,0,0,0,0,2338,1.219,0.0994,0.2021,99.6985,0.98,Ar,34
C,0,0,0,0,2503,0.924,0.1,0.2011,99.6989,0.99,Ar,35
C,0,0,0,0,1933,1.099,0.1,0.4034,99.4966,0.5,Ar,508
C,0,0,0,0,2210,1.006,0.1,0.4034,99.4966,0.5,Ar,89
C,0,0,0,0,2460,0.91,0.1,0.4034,99.4966,0.5,Ar,27.5
C,0,0,0,0,2056,1.036,0.0997,0.1996,99.7007,1,Ar,632
C,0,0,0,0,2145,1.063,0.1002,0.2,99.6998,1,Ar,287
C,0,0,0,0,2166,1.098,0.1002,0.2,99.6998,1,Ar,305
C,0,0,0,0,2190,1.13,0.0997,0.1996,99.7007,1,Ar,230
C,0,0,0,0,2216,1.081,0.1002,0.2,99.6998,1,Ar,195
C,0,0,0,0,2169,0.497,0.1007,0.2014,99.6979,1,Ar,590
C,0,0,0,0,2223,0.348,0.1007,0.2014,99.6979,1,Ar,650
C,0,0,0,0,2279,0.49,0.1007,0.2014,99.6979,1,Ar,403
C,0,0,0,0,2299,0.472,0.1007,0.2014,99.6979,1,Ar,355
C,0,0,0,0,2623,0.413,0.1007,0.2014,99.6979,1,Ar,140
C,0,0,0,0,1680,85.3,0.25,1,98.75,0.5,Ar,92
C,0,0,0,0,1770,31.2,0.25,1,98.75,0.5,Ar,62
C,0,0,0,0,1730,30.3,0.5,2,97.5,0.5,Ar,64
C,0,0,0,0,1659,80.9,0.5,2,97.5,0.5,Ar,75
C,0,0,0,0,1665,81.2,0.5,2,97.5,0.5,Ar,62
C,0,0,0,0,1830,9.8,0.5,2,97.5,0.5,Ar,68
C,0,0,0,0,1853,10.5,0.5,2,97.5,0.5,Ar,51
C,0,0,0,0,1706,83.9,0.28,0.56,99.16,1,Ar,180
C,0,0,0,0,1811,31.3,0.28,0.56,99.16,1,Ar,115.2
C,0,0,0,0,1687,30.5,0.28,0.56,99.16,1,Ar,360.9
C,0,0,0,0,1761,36.8,0.28,0.56,99.16,1,Ar,159.3
C,0,0,0,0,1821,79.4,0.28,0.56,99.16,1,Ar,66.6
C,0,0,0,0,1778,79.1,0.56,1.14,98.3,1,Ar,47
C,0,0,0,0,1957,9.7,0.56,1.14,98.3,1,Ar,40
C,0,0,0,0,2043,9.4,0.56,1.14,98.3,1,Ar,26
C,0,0,0,0,1534,30.1,3.4,6.7,89.9,1,Ar,206
C,0,0,0,0,1535,61.9,3.4,6.7,89.9,1,Ar,113
C,0,0,0,0,1633,31.7,3.4,6.7,89.9,1,Ar,51
C,0,0,0,0,1584,34.1,3.4,6.7,89.9,1,Ar,96
C,0,0,0,0,1496,34.4,3.4,6.7,89.9,1,Ar,229
C,0,0,0,0,1408,34.6,3.4,6.7,89.9,1,Ar,554
C,0,0,0,0,1408,34.6,3.4,6.7,89.9,1,Ar,554
C,0,0,0,0,1673,84.4,0.25,1,98.75,0.5,Ar,95
C,0,0,0,0,1590,86.8,0.25,1,98.75,0.5,Ar,209
C,0,0,0,0,1671,32.8,0.25,1,98.75,0.5,Ar,142
C,0,0,0,0,1627,31.7,1,4,95,0.5,Ar,88
C,0,0,0,0,1532,32.3,1,4,95,0.5,Ar,227
C,0,0,0,0,1512,34.5,1,4,95,0.5,Ar,314
C,0,0,0,0,1426,34.1,1,4,95,0.5,Ar,725
C,0,0,0,0,1739,10.1,1,4,95,0.5,Ar,82
C,0,0,0,0,1988,30.2,0.25,0.25,99.5,2,Ar,14
C,0,0,0,0,2031,9.3,0.25,0.25,99.5,2,Ar,20
C,0,0,0,0,1710,39.5,0.5,0.5,99,2,Ar,169
C,0,0,0,0,1896,77.1,0.5,0.5,99,2,Ar,15
C,0,0,0,0,1926,9.4,0.5,0.5,99,2,Ar,63
C,0,0,0,0,1887,9.4,0.5,0.5,99,2,Ar,81
C,0,0,0,0,1807,35.5,0.5,0.5,99,2,Ar,63
C,0,0,0,0,1425,36.6,5,5,90,2,Ar,783
C,0,0,0,0,1579,34.6,5,5,90,2,Ar,173
C,0,0,0,0,1536,33.7,5,5,90,2,Ar,376
C,0,0,0,0,1455,33.9,5,5,90,2,Ar,671
C,0,0,0,0,1555,30.4,5,5,90,2,Ar,268
C,0,0,0,0,1633,29.1,5,5,90,2,Ar,118
C,0,0,0,0,1635,10.2,5,5,90,2,Ar,333
C,0,0,0,0,1744,9.8,5,5,90,2,Ar,110
C,0,0,0,0,1478,60.3,5,5,90,2,Ar,321
C,0,0,0,0,1706,80.9,0.25,0.14,99.61,3.6,Ar,174
C,0,0,0,0,1742,29.9,0.25,0.14,99.61,3.6,Ar,163
C,0,0,0,0,1977,32.3,0.25,0.14,99.61,3.6,Ar,16
C,0,0,0,0,1692,79.9,0.25,0.14,99.61,3.6,Ar,163
C,0,0,0,0,1949,9.5,0.25,0.14,99.61,3.6,Ar,53
C,0,0,0,0,1802,9.2,0.25,0.14,99.61,3.6,Ar,238
C,0,0,0,0,1690,85.7,0.5,0.25,99.25,4,Ar,177
C,0,0,0,0,1818,31.4,0.5,0.25,99.25,4,Ar,60
C,0,0,0,0,1760,13.19,2,4,94,1,Ar,67
C,0,0,0,0,1616,13.7,2,4,94,1,Ar,284
C,0,0,0,0,1691,13.44,2,4,94,1,Ar,132
C,0,0,0,0,1457,13.88,2,4,94,1,Ar,1289
C,0,0,0,0,1575,14.06,2,4,94,1,Ar,422
C,0,0,0,0,1521,14.16,2,4,94,1,Ar,749
C,0,0,0,0,1469,14.37,2,4,94,1,Ar,1205
C,0,0,0,0,1621,37.35,2,4,94,1,Ar,142
C,0,0,0,0,1499,35.26,2,4,94,1,Ar,535
C,0,0,0,0,1584,36.79,2,4,94,1,Ar,208
C,0,0,0,0,1565,37.49,2,4,94,1,Ar,242
C,0,0,0,0,1522,36.2,2,4,94,1,Ar,403
C,0,0,0,0,1369,15.03,1,4,95,0.5,Ar,1714
C,0,0,0,0,1557,14.29,1,4,95,0.5,Ar,360
C,0,0,0,0,1663,13.8,1,4,95,0.5,Ar,130
C,0,0,0,0,1587,13.76,1,4,95,0.5,Ar,288
C,0,0,0,0,1505,14.65,1,4,95,0.5,Ar,640
C,0,0,0,0,1411,14.28,1,4,95,0.5,Ar,1589
C,0,0,0,0,1447,14.26,1,4,95,0.5,Ar,1201
C,0,0,0,0,1438,14.06,4,4,92,2,Ar,1770
C,0,0,0,0,1452,13.74,4,4,92,2,Ar,1593
C,0,0,0,0,1522,13.43,4,4,92,2,Ar,1018
C,0,0,0,0,1621,13.58,4,4,92,2,Ar,380
C,0,0,0,0,1665,13.18,4,4,92,2,Ar,243
C,0,0,0,0,1716,13.1,4,4,92,2,Ar,153
C,0,0,0,0,1564,13.18,4,4,92,2,Ar,676
C,0,0,0,0,1461,1.31,3.03,6.06,90.91,1,Ar,3106
C,0,0,0,0,1526,1.3,3.03,6.06,90.91,1,Ar,1685
C,0,0,0,0,1601,1.29,3.03,6.06,90.91,1,Ar,1128
C,0,0,0,0,1642,1.25,3.03,6.06,90.91,1,Ar,838
C,0,0,0,0,1744,1.31,3.03,6.06,90.91,1,Ar,439
C,0,0,0,0,1800,1.28,3.03,6.06,90.91,1,Ar,397
C,0,0,0,0,1865,1.26,3.03,6.06,90.91,1,Ar,204
C,0,0,0,0,1935,1.32,3.03,6.06,90.91,1,Ar,129
C,0,0,0,0,2025,1.29,3.03,6.06,90.91,1,Ar,91
C,0,0,0,0,1417,5.31,3.03,6.06,90.91,1,Ar,2098
C,0,0,0,0,1513,5.4,3.03,6.06,90.91,1,Ar,969
C,0,0,0,0,1533,5.19,3.03,6.06,90.91,1,Ar,751
C,0,0,0,0,1636,5.27,3.03,6.06,90.91,1,Ar,355
C,0,0,0,0,1616,5.29,3.03,6.06,90.91,1,Ar,288
C,0,0,0,0,1704,5.09,3.03,6.06,90.91,1,Ar,187
C,0,0,0,0,1816,5.37,3.03,6.06,90.91,1,Ar,79
C,0,0,0,0,1831,5.27,3.03,6.06,90.91,1,Ar,74
C,0,0,0,0,1876,5.18,3.03,6.06,90.91,1,Ar,61
C,0,0,0,0,2082,5.68,3.03,6.06,90.91,1,Ar,16
C,0,0,0,0,1983,5.08,3.03,6.06,90.91,1,Ar,31
CC,2,0,0,0,2216,0.62,0.2012,0.7062,99.0926,1,Ar,133
CC,2,0,0,0,2497,0.537,0.2012,0.7062,99.0926,1,Ar,68
CC,2,0,0,0,1757,1.179,0.03,0.1052,99.8648,1,Ar,250
CC,2,0,0,0,1817,1.209,0.03,0.1052,99.8648,1,Ar,195
CC,2,0,0,0,2012,1.183,0.03,0.1052,99.8648,1,Ar,115
CC,2,0,0,0,2450,1.2,0.01,0.1002,99.8898,0.35,Ar,70
CC,2,0,0,0,2121,1.1,0.015,0.0972,99.8878,0.54,Ar,100
CC,2,0,0,0,1232,1.22,1.75,6.14,92.11,1,Ar,966
CC,2,0,0,0,1307,1.24,1.75,6.14,92.11,1,Ar,508
CC,2,0,0,0,1384,1.25,1.75,6.14,92.11,1,Ar,279
CC,2,0,0,0,1426,1.22,1.75,6.14,92.11,1,Ar,194
CC,2,0,0,0,1467,1.18,1.75,6.14,92.11,1,Ar,183
CC,2,0,0,0,1172,1.21,1.75,6.14,92.11,1,Ar,1835
CC,2,0,0,0,1573,1.2,1.75,6.14,92.11,1,Ar,69
CC,2,0,0,0,1545,1.23,1.75,6.14,92.11,1,Ar,80
CC,2,0,0,0,1290,5.5,1.75,6.14,92.11,1,Ar,287
CC,2,0,0,0,1352,5.45,1.75,6.14,92.11,1,Ar,148
CC,2,0,0,0,1422,5.44,1.75,6.14,92.11,1,Ar,77
CC,2,0,0,0,1203,5.39,1.75,6.14,92.11,1,Ar,774
CC,2,0,0,0,1133,5.41,1.75,6.14,92.11,1,Ar,1988
CC,2,0,0,0,1234,5.37,1.75,6.14,92.11,1,Ar,484
CC,2,0,0,0,1165,5.3,1.75,6.14,92.11,1,Ar,1213
CC,2,0,0,0,1520.8366,5,0.75,2.625,96.625,1,Ar,54.0692
CC,2,0,0,0,1499.6655,5,0.75,2.625,96.625,1,Ar,65.4036
CC,2,0,0,0,1445.0085,5,0.75,2.625,96.625,1,Ar,104.4403
CC,2,0,0,0,1394.9864,5,0.75,2.625,96.625,1,Ar,154.1045
CC,2,0,0,0,1339.2073,5,0.75,2.625,96.625,1,Ar,236.6401
CC,2,0,0,0,1280.7229,5,0.75,2.625,96.625,1,Ar,429.0896
CC,2,0,0,0,1255.7366,5,0.75,2.625,96.625,1,Ar,566.4343
CC,2,0,0,0,1215.3924,5,0.75,2.625,96.625,1,Ar,956.0299
CC,2,0,0,0,1191.4355,5,0.75,2.625,96.625,1,Ar,1252.2099
CC,2,0,0,0,1145.4458,5,0.75,2.625,96.625,1,Ar,2457.1313
CC,2,0,0,0,1337.1814,5,1.5,5.25,93.25,1,Ar,174.8469
CC,2,0,0,0,1284.004,5,1.5,5.25,93.25,1,Ar,306.2783
CC,2,0,0,0,1224.2651,5,1.5,5.25,93.25,1,Ar,592.563
CC,2,0,0,0,1215.6306,5,1.5,5.25,93.25,1,Ar,635.5337
CC,2,0,0,0,1188.4187,5,1.5,5.25,93.25,1,Ar,941.8159
CC,2,0,0,0,1171.4617,5,1.5,5.25,93.25,1,Ar,1170.5743
CC,2,0,0,0,1132.6711,5,1.5,5.25,93.25,1,Ar,1872.1249
CC,2,0,0,0,1372.3572,5,1.5,5.25,93.25,1,Ar,124.6877
CC,2,0,0,0,1430.6346,5,1.5,5.25,93.25,1,Ar,75.5036
CC,2,0,0,0,1423.3462,5,2,7,91,1,Ar,62.3231
CC,2,0,0,0,1372.7427,5,2,7,91,1,Ar,98.2975
CC,2,0,0,0,1334.1675,5,2,7,91,1,Ar,137.4182
CC,2,0,0,0,1292.6961,5,2,7,91,1,Ar,203.1028
CC,2,0,0,0,1284.0756,5,2,7,91,1,Ar,232.7469
CC,2,0,0,0,1250.2081,5,2,7,91,1,Ar,351.2419
CC,2,0,0,0,1229.3583,5,2,7,91,1,Ar,488.736
CC,2,0,0,0,1208.1495,5,2,7,91,1,Ar,653.16
CC,2,0,0,0,1179.6576,5,2,7,91,1,Ar,920.3722
CC,2,0,0,0,1157.2397,5,2,7,91,1,Ar,1245.6173
CC,2,0,0,0,1131.9865,5,2,7,91,1,Ar,1795.4989
CC,2,0,0,0,1669.1435,1.2,1,7,92,0.5,Ar,66.1035
CC,2,0,0,0,1563.4845,1.2,1,7,92,0.5,Ar,91.9355
CC,2,0,0,0,1496.8086,1.2,1,7,92,0.5,Ar,127.0377
CC,2,0,0,0,1432.5032,1.2,1,7,92,0.5,Ar,227.3744
CC,2,0,0,0,1372.0826,1.2,1,7,92,0.5,Ar,339.5462
CC,2,0,0,0,1337.009,1.2,1,7,92,0.5,Ar,434.1506
CC,2,0,0,0,1279.9136,1.2,1,7,92,0.5,Ar,714.3854
CC,2,0,0,0,1232.0305,1.2,1,7,92,0.5,Ar,1145.4833
CC,2,0,0,0,1202.5923,1.2,1,7,92,0.5,Ar,1542.4186
CC,2,0,0,0,1157.2041,1.2,1,7,92,0.5,Ar,2230.05
CC,2,0,0,0,1475.2852,5,1,7,92,0.5,Ar,66.1035
CC,2,0,0,0,1424.8514,5,1,7,92,0.5,Ar,91.9355
CC,2,0,0,0,1382.7512,5,1,7,92,0.5,Ar,145.5196
CC,2,0,0,0,1310.0866,5,1,7,92,0.5,Ar,285.1387
CC,2,0,0,0,1282.9916,5,1,7,92,0.5,Ar,335.1822
CC,2,0,0,0,1232.5998,5,1,7,92,0.5,Ar,577.0799
CC,2,0,0,0,1220.754,5,1,7,92,0.5,Ar,733.109
CC,2,0,0,0,1174.0111,5,1,7,92,0.5,Ar,1270.3769
CC,2,0,0,0,1163.7672,5,1,7,92,0.5,Ar,1572.6396
CC,2,0,0,0,1153.7006,5,1,7,92,0.5,Ar,1603.4528
CC,2,0,0,0,1103.5838,5,1,7,92,0.5,Ar,2796.5927
CC,2,0,0,0,1423.3309,20,1,7,92,0.5,Ar,52.3722
CC,2,0,0,0,1361.5772,20,1,7,92,0.5,Ar,89.5875
CC,2,0,0,0,1319.8095,20,1,7,92,0.5,Ar,137.2905
CC,2,0,0,0,1304.9593,20,1,7,92,0.5,Ar,177.8279
CC,2,0,0,0,1272.5863,20,1,7,92,0.5,Ar,233.3337
CC,2,0,0,0,1230.8935,20,1,7,92,0.5,Ar,388.9445
CC,2,0,0,0,1219.0803,20,1,7,92,0.5,Ar,469.1895
CC,2,0,0,0,1208.5858,20,1,7,92,0.5,Ar,562.3413
CC,2,0,0,0,1155.1995,20,1,7,92,0.5,Ar,1116.2277
CC,2,0,0,0,1143.8066,20,1,7,92,0.5,Ar,1270.3769
CC,2,0,0,0,1106.33,20,1,7,92,0.5,Ar,2090.3775
CC,2,0,0,0,1689.0704,1.2,1,1.75,97.25,2,Ar,117.8451
CC,2,0,0,0,1588.9067,1.2,1,1.75,97.25,2,Ar,187.9787
CC,2,0,0,0,1516.4223,1.2,1,1.75,97.25,2,Ar,319.4269
CC,2,0,0,0,1498.2926,1.2,1,1.75,97.25,2,Ar,385.8702
CC,2,0,0,0,1444.508,1.2,1,1.75,97.25,2,Ar,531.989
CC,2,0,0,0,1357.0567,1.2,1,1.75,97.25,2,Ar,978.5672
CC,2,0,0,0,1315.96,1.2,1,1.75,97.25,2,Ar,1345.8536
CC,2,0,0,0,1263.6274,1.2,1,1.75,97.25,2,Ar,2146.4016
CC,2,0,0,0,1629.2464,5,1,1.75,97.25,2,Ar,83.8928
CC,2,0,0,0,1571.7113,5,1,1.75,97.25,2,Ar,109.8418
CC,2,0,0,0,1520.5335,5,1,1.75,97.25,2,Ar,137.4882
CC,2,0,0,0,1431.5475,5,1,1.75,97.25,2,Ar,256.9975
CC,2,0,0,0,1375.9158,5,1,1.75,97.25,2,Ar,377.9825
CC,2,0,0,0,1299.71,5,1,1.75,97.25,2,Ar,718.1066
CC,2,0,0,0,1263.066,5,1,1.75,97.25,2,Ar,966.3165
CC,2,0,0,0,1207.1061,5,1,1.75,97.25,2,Ar,1748.656
CC,2,0,0,0,1168.7083,5,1,1.75,97.25,2,Ar,2180.5827
CC,2,0,0,0,1547.8074,20,1,1.75,97.25,2,Ar,54.6479
CC,2,0,0,0,1484.7379,20,1,1.75,97.25,2,Ar,92.0658
CC,2,0,0,0,1447.9729,20,1,1.75,97.25,2,Ar,116.1038
CC,2,0,0,0,1351.8063,20,1,1.75,97.25,2,Ar,258.3958
CC,2,0,0,0,1285.5116,20,1,1.75,97.25,2,Ar,472.215
CC,2,0,0,0,1209.1247,20,1,1.75,97.25,2,Ar,997.6218
CC,2,0,0,0,1145.6866,20,1,1.75,97.25,2,Ar,1943.4267
CC,2,0,0,0,1488.0904,1.2,1,3.5,95.5,1,Ar,82.5404
CC,2,0,0,0,1426.2179,1.2,1,3.5,95.5,1,Ar,112.3557
CC,2,0,0,0,1349.4656,1.2,1,3.5,95.5,1,Ar,194.3974
CC,2,0,0,0,1303.9736,1.2,1,3.5,95.5,1,Ar,311.9232
CC,2,0,0,0,1255.3515,1.2,1,3.5,95.5,1,Ar,480.3387
CC,2,0,0,0,1216.7046,1.2,1,3.5,95.5,1,Ar,695.4436
CC,2,0,0,0,1159.6606,1.2,1,3.5,95.5,1,Ar,1457.7749
CC,2,0,0,0,1125.9057,1.2,1,3.5,95.5,1,Ar,2011.738
CC,2,0,0,0,1086.8655,1.2,1,3.5,95.5,1,Ar,3205.9178
CC,2,0,0,0,1427.3377,5,1,3.5,95.5,1,Ar,46.7351
CC,2,0,0,0,1341.4994,5,1,3.5,95.5,1,Ar,104.1975
CC,2,0,0,0,1293.3058,5,1,3.5,95.5,1,Ar,169.4988
CC,2,0,0,0,1248.0264,5,1,3.5,95.5,1,Ar,279.5301
CC,2,0,0,0,1225.3151,5,1,3.5,95.5,1,Ar,362.6802
CC,2,0,0,0,1193.9318,5,1,3.5,95.5,1,Ar,594.0316
CC,2,0,0,0,1169.3574,5,1,3.5,95.5,1,Ar,946.6523
CC,2,0,0,0,1139.669,5,1,3.5,95.5,1,Ar,1399.0503
CC,2,0,0,0,1097.3622,5,1,3.5,95.5,1,Ar,2664.3743
CC,2,0,0,0,1302.1057,20,1,3.5,95.5,1,Ar,95.9716
CC,2,0,0,0,1240.7862,20,1,3.5,95.5,1,Ar,218.4166
CC,2,0,0,0,1222.4314,20,1,3.5,95.5,1,Ar,285.3364
CC,2,0,0,0,1186.1421,20,1,3.5,95.5,1,Ar,493.6878
CC,2,0,0,0,1155.6064,20,1,3.5,95.5,1,Ar,776.0344
CC,2,0,0,0,1151.5804,20,1,3.5,95.5,1,Ar,831.08
CC,2,0,0,0,1125.5572,20,1,3.5,95.5,1,Ar,1288.6027
CC,2,0,0,0,1112.4709,20,1,3.5,95.5,1,Ar,1518.9645
CCC,2,1,0,0,1376,1.19,4,20,76,1,Ar,357
CCC,2,1,0,0,1461,1.15,4,20,76,1,Ar,140
CCC,2,1,0,0,1413,1.16,4,20,76,1,Ar,246
CCC,2,1,0,0,1477,1.12,4,20,76,1,Ar,115
CCC,2,1,0,0,1444,1.26,4,20,76,1,Ar,152
CCC,2,1,0,0,1504,1.14,4,20,76,1,Ar,93
CCC,2,1,0,0,1505,2.21,0.05,0.25,99.7,1,Ar,534
CCC,2,1,0,0,1547,2.17,0.05,0.25,99.7,1,Ar,344
CCC,2,1,0,0,1608,2.19,0.05,0.25,99.7,1,Ar,174
CCC,2,1,0,0,1628,2.24,0.05,0.25,99.7,1,Ar,156
CCC,2,1,0,0,1687,2.13,0.05,0.25,99.7,1,Ar,89
CCC,2,1,0,0,1497,2.15,0.15,0.75,99.1,1,Ar,420
CCC,2,1,0,0,1405,5.46,0.8,8,91.2,0.5,Ar,83
CCC,2,1,0,0,1366,5.6,0.8,8,91.2,0.5,Ar,170
CCC,2,1,0,0,1339,5.68,0.8,8,91.2,0.5,Ar,230
CCC,2,1,0,0,1303,5.7,0.8,8,91.2,0.5,Ar,400
CCC,2,1,0,0,1281,5.88,0.8,8,91.2,0.5,Ar,590
CCC,2,1,0,0,1250,5.98,0.8,8,91.2,0.5,Ar,890
CCC,2,1,0,0,1234,6.99,0.8,8,91.2,0.5,Ar,940
CCC,2,1,0,0,1223,6.08,0.8,8,91.2,0.5,Ar,1270
CCC,2,1,0,0,1194,6.13,0.8,8,91.2,0.5,Ar,1790
CCC,2,1,0,0,1189,7.17,0.8,8,91.2,0.5,Ar,1810
CCC,2,1,0,0,1184,7.17,0.8,8,91.2,0.5,Ar,1820
CCC,2,1,0,0,1147,7.44,0.8,8,91.2,0.5,Ar,2980
CCC,2,1,0,0,1125,7.29,0.8,8,91.2,0.5,Ar,4260
CCC,2,1,0,0,1081,6.64,0.8,8,91.2,0.5,Ar,6180
CCC,2,1,0,0,1034,7.06,0.8,8,91.2,0.5,Ar,10510
CCC,2,1,0,0,1006,7.16,0.8,8,91.2,0.5,Ar,15660
CCC,2,1,0,0,991,7.16,0.8,8,91.2,0.5,Ar,17790
CCC,2,1,0,0,1381,5.29,0.8,8,91.2,0.5,Ar,150
CCC,2,1,0,0,1341,5.41,0.8,8,91.2,0.5,Ar,270
CCC,2,1,0,0,1273,6.24,0.8,8,91.2,0.5,Ar,680
CCC,2,1,0,0,1260,6.37,0.8,8,91.2,0.5,Ar,830
CCC,2,1,0,0,1208,6.69,0.8,8,91.2,0.5,Ar,1760
CCC,2,1,0,0,1202,5.26,0.8,8,91.2,0.5,Ar,1750
CCC,2,1,0,0,1170,6.65,0.8,8,91.2,0.5,Ar,2950
CCC,2,1,0,0,1157,5.64,0.8,8,91.2,0.5,Ar,4040
CCC,2,1,0,0,1141,5.65,0.8,8,91.2,0.5,Ar,5450
CCC,2,1,0,0,1126,6.04,0.8,8,91.2,0.5,Ar,5460
CCC,2,1,0,0,1095,6.39,0.8,8,91.2,0.5,Ar,7100
CCC,2,1,0,0,1069,6.77,0.8,8,91.2,0.5,Ar,10190
CCC,2,1,0,0,1052,6.79,0.8,8,91.2,0.5,Ar,12680
CCC,2,1,0,0,1051,6.82,0.8,8,91.2,0.5,Ar,12470
CCC,2,1,0,0,1044,6.67,0.8,8,91.2,0.5,Ar,16380
CCC,2,1,0,0,1033,6.73,0.8,8,91.2,0.5,Ar,17900
CCC,2,1,0,0,1027,6.8,0.8,8,91.2,0.5,Ar,21230
CCC,2,1,0,0,1021,6.59,0.8,8,91.2,0.5,Ar,20940
CCC,2,1,0,0,1289,27.1,0.8,8,91.2,0.5,Ar,200
CCC,2,1,0,0,1260,21.9,0.8,8,91.2,0.5,Ar,330
CCC,2,1,0,0,1221,25.2,0.8,8,91.2,0.5,Ar,510
CCC,2,1,0,0,1189,26,0.8,8,91.2,0.5,Ar,680
CCC,2,1,0,0,1173,22.4,0.8,8,91.2,0.5,Ar,960
CCC,2,1,0,0,1160,23.3,0.8,8,91.2,0.5,Ar,1010
CCC,2,1,0,0,1155,26.1,0.8,8,91.2,0.5,Ar,990
CCC,2,1,0,0,1123,28.8,0.8,8,91.2,0.5,Ar,1340
CCC,2,1,0,0,1114,29.5,0.8,8,91.2,0.5,Ar,1430
CCC,2,1,0,0,1113,23.1,0.8,8,91.2,0.5,Ar,1720
CCC,2,1,0,0,1062,22.7,0.8,8,91.2,0.5,Ar,2670
CCC,2,1,0,0,1053,21.1,0.8,8,91.2,0.5,Ar,2990
CCC,2,1,0,0,1052,25.5,0.8,8,91.2,0.5,Ar,2650
CCC,2,1,0,0,1009,22.5,0.8,8,91.2,0.5,Ar,4470
CCC,2,1,0,0,1005,21.9,0.8,8,91.2,0.5,Ar,4290
CCC,2,1,0,0,1004,22,0.8,8,91.2,0.5,Ar,4510
CCC,2,1,0,0,975,21.4,0.8,8,91.2,0.5,Ar,5540
CCC,2,1,0,0,968,29.4,0.8,8,91.2,0.5,Ar,4770
CCC,2,1,0,0,950,21.4,0.8,8,91.2,0.5,Ar,6790
CCC,2,1,0,0,1273,23.6,0.8,8,91.2,0.5,Ar,260
CCC,2,1,0,0,1254,24.4,0.8,8,91.2,0.5,Ar,340
CCC,2,1,0,0,1247,26.8,0.8,8,91.2,0.5,Ar,350
CCC,2,1,0,0,1206,27,0.8,8,91.2,0.5,Ar,600
CCC,2,1,0,0,1180,24.2,0.8,8,91.2,0.5,Ar,900
CCC,2,1,0,0,1154,24.4,0.8,8,91.2,0.5,Ar,1240
CCC,2,1,0,0,1137,26.4,0.8,8,91.2,0.5,Ar,1420
CCC,2,1,0,0,1114,24.3,0.8,8,91.2,0.5,Ar,2100
CCC,2,1,0,0,1101,30.7,0.8,8,91.2,0.5,Ar,1840
CCC,2,1,0,0,1088,29.1,0.8,8,91.2,0.5,Ar,2100
CCC,2,1,0,0,1086,25.8,0.8,8,91.2,0.5,Ar,2950
CCC,2,1,0,0,1077,22.8,0.8,8,91.2,0.5,Ar,3300
CCC,2,1,0,0,1077,27.4,0.8,8,91.2,0.5,Ar,3170
CCC,2,1,0,0,1060,28.1,0.8,8,91.2,0.5,Ar,3700
CCC,2,1,0,0,1049,30.7,0.8,8,91.2,0.5,Ar,3360
CCC,2,1,0,0,1042,31.1,0.8,8,91.2,0.5,Ar,3530
CCC,2,1,0,0,1009,30.9,0.8,8,91.2,0.5,Ar,8490
CCC,2,1,0,0,988,29.2,0.8,8,91.2,0.5,Ar,9280
CCC,2,1,0,0,1244,66.8,0.8,8,91.2,0.5,Ar,170
CCC,2,1,0,0,1219,59.8,0.8,8,91.2,0.5,Ar,260
CCC,2,1,0,0,1145,64,0.8,8,91.2,0.5,Ar,530
CCC,2,1,0,0,1093,55.4,0.8,8,91.2,0.5,Ar,1000
CCC,2,1,0,0,1071,62.2,0.8,8,91.2,0.5,Ar,1190
CCC,2,1,0,0,1026,57.7,0.8,8,91.2,0.5,Ar,2070
CCC,2,1,0,0,1022,61.2,0.8,8,91.2,0.5,Ar,1950
CCC,2,1,0,0,996,54.7,0.8,8,91.2,0.5,Ar,2710
CCC,2,1,0,0,983,56,0.8,8,91.2,0.5,Ar,3140
CCC,2,1,0,0,980,54.6,0.8,8,91.2,0.5,Ar,3260
CCC,2,1,0,0,1247,59.5,0.8,8,91.2,0.5,Ar,200
CCC,2,1,0,0,1202,55.9,0.8,8,91.2,0.5,Ar,340
CCC,2,1,0,0,1178,63.4,0.8,8,91.2,0.5,Ar,390
CCC,2,1,0,0,1129,67.4,0.8,8,91.2,0.5,Ar,650
CCC,2,1,0,0,1114,60.4,0.8,8,91.2,0.5,Ar,820
CCC,2,1,0,0,1100,63.9,0.8,8,91.2,0.5,Ar,910
CCC,2,1,0,0,1071,65,0.8,8,91.2,0.5,Ar,1370
CCC,2,1,0,0,1061,63.8,0.8,8,91.2,0.5,Ar,1600
CCC,2,1,0,0,1043,67.8,0.8,8,91.2,0.5,Ar,2010
CCC,2,1,0,0,1035,54.1,0.8,8,91.2,0.5,Ar,2610
CCC,2,1,0,0,1022,59.4,0.8,8,91.2,0.5,Ar,2940
CCC,2,1,0,0,1008,53.7,0.8,8,91.2,0.5,Ar,3890
CCC,2,1,0,0,994,54,0.8,8,91.2,0.5,Ar,4750
CCC,2,1,0,0,1195,49.8,0.888,4,95.112,1,Ar,1454
CCC,2,1,0,0,1226,47.4,0.888,4,95.112,1,Ar,1044
CCC,2,1,0,0,1371,46.4,0.888,4,95.112,1,Ar,251
CCC,2,1,0,0,1242,43.9,0.888,4,95.112,1,Ar,930
CCC,2,1,0,0,1175,51.2,0.888,4,95.112,1,Ar,1877
CCC,2,1,0,0,1327,46.4,0.888,4,95.112,1,Ar,372
CCC,2,1,0,0,1428,45.6,0.888,4,95.112,1,Ar,134
CCC,2,1,0,0,1318,47.1,0.888,4,95.112,1,Ar,394
CCC,2,1,0,0,1302,47.5,0.888,4,95.112,1,Ar,456
CCC,2,1,0,0,1223,46.2,1.78,4,94.22,2,Ar,1044
CCC,2,1,0,0,1281,46.4,1.78,4,94.22,2,Ar,555
CCC,2,1,0,0,1210,46.8,1.78,4,94.22,2,Ar,1300
CCC,2,1,0,0,1316,44.8,1.78,4,94.22,2,Ar,457
CCC,2,1,0,0,1371,44,1.78,4,94.22,2,Ar,280
CCC,2,1,0,0,1200,45.7,1.78,4,94.22,2,Ar,1543
CCC,2,1,0,0,1432,44.2,1.78,4,94.22,2,Ar,158
CCC,2,1,0,0,1249,45.2,1.78,4,94.22,2,Ar,910
CCC,2,1,0,0,1554,2.08,0.888,4,95.112,1,Ar,268
CCC,2,1,0,0,1432,2.19,0.888,4,95.112,1,Ar,1072
CCC,2,1,0,0,1597,1.94,0.888,4,95.112,1,Ar,159
CCC,2,1,0,0,1587,1.92,0.888,4,95.112,1,Ar,183
CCC,2,1,0,0,1720,1.97,0.888,4,95.112,1,Ar,52
CCC,2,1,0,0,1656,1.95,0.888,4,95.112,1,Ar,95
CCC,2,1,0,0,1438,2.28,0.888,4,95.112,1,Ar,1003
CCC,2,1,0,0,1408,2.26,0.888,4,95.112,1,Ar,1527
CCC,2,1,0,0,1644,2.18,0.444,4,95.556,0.5,Ar,63
CCC,2,1,0,0,1557,2.26,0.444,4,95.556,0.5,Ar,150
CCC,2,1,0,0,1493,2.32,0.444,4,95.556,0.5,Ar,323
CCC,2,1,0,0,1446,2.4,0.444,4,95.556,0.5,Ar,583
CCC,2,1,0,0,1370,2.45,0.444,4,95.556,0.5,Ar,1635
CCC,2,1,0,0,1360,2.49,0.444,4,95.556,0.5,Ar,2002
CCC,2,1,0,0,1698,2.14,0.444,4,95.556,0.5,Ar,37
CCC,2,1,0,0,1485,2.29,1.78,4,94.22,2,Ar,792
CCC,2,1,0,0,1554,2.22,1.78,4,94.22,2,Ar,417
CCC,2,1,0,0,1660,2.14,1.78,4,94.22,2,Ar,164
CCC,2,1,0,0,1756,2.04,1.78,4,94.22,2,Ar,76
CCC,2,1,0,0,1409,2.34,1.78,4,94.22,2,Ar,1809
CCC,2,1,0,0,1388,2.41,1.78,4,94.22,2,Ar,2324
CCC,2,1,0,0,1566,4.35,0.888,4,95.112,1,Ar,163
CCC,2,1,0,0,1413,4.08,0.888,4,95.112,1,Ar,904
CCC,2,1,0,0,1408,4.25,0.888,4,95.112,1,Ar,920
CCC,2,1,0,0,1465,4.74,0.888,4,95.112,1,Ar,438
CCC,2,1,0,0,1405,4.8,0.888,4,95.112,1,Ar,884
CCC,2,1,0,0,1333,4.76,0.888,4,95.112,1,Ar,2472
CCC,2,1,0,0,1486,4.43,1.6,7.2,91.2,1,Ar,227
CCC,2,1,0,0,1496,4.24,1.6,7.2,91.2,1,Ar,205
CCC,2,1,0,0,1567,4.33,1.6,7.2,91.2,1,Ar,86
CCC,2,1,0,0,1609,4.2,1.6,7.2,91.2,1,Ar,62
CCC,2,1,0,0,1431,4.47,1.6,7.2,91.2,1,Ar,404
CCC,2,1,0,0,1453,1.27,1.23,6.17,92.59,5,Ar,276
CCC,2,1,0,0,1415,1.33,1.23,6.17,92.59,5,Ar,416
CCC,2,1,0,0,1333,1.27,1.23,6.17,92.59,5,Ar,977
CCC,2,1,0,0,1280,1.29,1.23,6.17,92.59,5,Ar,1899
CCC,2,1,0,0,1229,1.28,1.23,6.17,92.59,5,Ar,2780
CCC,2,1,0,0,1570,1.27,1.23,6.17,92.59,5,Ar,97
CCC,2,1,0,0,1606,1.29,1.23,6.17,92.59,5,Ar,71
CCC,2,1,0,0,1689,1.31,1.23,6.17,92.59,5,Ar,44
CCC,2,1,0,0,1769,1.33,1.23,6.17,92.59,5,Ar,26
CCC,2,1,0,0,1841,1.33,1.23,6.17,92.59,5,Ar,19
CCC,2,1,0,0,1271,5.37,1.23,6.17,92.59,5,Ar,1001
CCC,2,1,0,0,1220,5.23,1.23,6.17,92.59,5,Ar,1976
CCC,2,1,0,0,1166,5.27,1.23,6.17,92.59,5,Ar,4105
CCC,2,1,0,0,1357,5.27,1.23,6.17,92.59,5,Ar,396
CCC,2,1,0,0,1409,5.15,1.23,6.17,92.59,5,Ar,217
CCC,2,1,0,0,1456,5.2,1.23,6.17,92.59,5,Ar,106
CCC,2,1,0,0,1580,5.47,1.23,6.17,92.59,5,Ar,41
CCC,2,1,0,0,1680,5.25,1.23,6.17,92.59,5,Ar,16
CCCC,2,2,0,0,1405,1.19,1,6.5,92.5,1,Ar,415
CCCC,2,2,0,0,1405,1.18,1,6.5,92.5,1,Ar,420
CCCC,2,2,0,0,1409,1.17,1,6.5,92.5,1,Ar,390
CCCC,2,2,0,0,1447,1.14,1,6.5,92.5,1,Ar,244
CCCC,2,2,0,0,1478,1.2,1,6.5,92.5,1,Ar,171
CCCC,2,2,0,0,1483,1.32,1,6.5,92.5,1,Ar,161
CCCC,2,2,0,0,1407,1.99,1,6.5,92.5,1,Ar,297
CCCC,2,2,0,0,1400,2.03,1,6.5,92.5,1,Ar,335
CCCC,2,2,0,0,1445,2.02,1,6.5,92.5,1,Ar,186
CCCC,2,2,0,0,1454,2,1,6.5,92.5,1,Ar,170
CCCC,2,2,0,0,1415,3.8,1,6.5,92.5,1,Ar,189
CCCC,2,2,0,0,1399,3.81,1,6.5,92.5,1,Ar,243
CCCC,2,2,0,0,1433,3.75,1,6.5,92.5,1,Ar,151
CCCC,2,2,0,0,1468,1.97,1,6.5,92.5,1,Ar,150
CCCC,2,2,0,0,1499,1.14,1,6.5,92.5,1,Ar,151
CCCC,2,2,0,0,1505,1.12,1,6.5,92.5,1,Ar,140
CCCC,2,2,0,0,1557,1.13,1,6.5,92.5,1,Ar,87
CCCC,2,2,0,0,1561,1.17,0.5,3.25,96.25,1,Ar,131
CCCC,2,2,0,0,1513,1.18,0.5,3.25,96.25,1,Ar,186
CCCC,2,2,0,0,1478,1.2,0.5,3.25,96.25,1,Ar,275
CCCC,2,2,0,0,1532,1.33,0.5,3.25,96.25,1,Ar,156
CCCC,2,2,0,0,1546,1.37,0.5,3.25,96.25,1,Ar,136
CCCC,2,2,0,0,1433,1.27,0.5,3.25,96.25,1,Ar,475
CCCC,2,2,0,0,1432,1.17,2,13,85,1,Ar,179
CCCC,2,2,0,0,1490,1.19,2,13,85,1,Ar,100
CCCC,2,2,0,0,1385,1.18,2,13,85,1,Ar,353
CCCC,2,2,0,0,1434,1.15,2,13,85,1,Ar,180
CCCC,2,2,0,0,1455,1.15,2,13,85,1,Ar,149
CCCC,2,2,0,0,1517,1.16,2,13,85,1,Ar,83
CCCC,2,2,0,0,1389,1.12,1,13,86,0.5,Ar,204
CCCC,2,2,0,0,1422,1.08,1,13,86,0.5,Ar,131
CCCC,2,2,0,0,1385,1.11,1,13,86,0.5,Ar,206
CCCC,2,2,0,0,1412,1.11,1,13,86,0.5,Ar,149
CCCC,2,2,0,0,1453,1.07,1,13,86,0.5,Ar,96
CCCC,2,2,0,0,1352,1.14,1,13,86,0.5,Ar,307
CCCC,2,2,0,0,1666,1.03,1,3.25,95.75,2,Ar,177
CCCC,2,2,0,0,1627,1.06,1,3.25,95.75,2,Ar,220
CCCC,2,2,0,0,1541,1.07,1,3.25,95.75,2,Ar,441
CCCC,2,2,0,0,1734,1.08,1,3.25,95.75,2,Ar,105
CCCC,2,2,0,0,1618,1.13,1,3.25,95.75,2,Ar,218
CCCC,2,2,0,0,1577,1.13,1,3.25,95.75,2,Ar,304
CCCC,2,2,0,0,1531,2.16,0.05,0.325,99.625,1,Ar,260
CCCC,2,2,0,0,1598,2.06,0.05,0.325,99.625,1,Ar,144
CCCC,2,2,0,0,1761,2.02,0.05,0.325,99.625,1,Ar,40
CCCC,2,2,0,0,1397,1.41,1,5.5,93.5,1,Ar,156
CCCC,2,2,0,0,1296,1.4,1,5.5,93.5,1,Ar,580
CCCC,2,2,0,0,1423,1.37,1,5.5,93.5,1,Ar,107
CCCC,2,2,0,0,1236,1.45,1,5.5,93.5,1,Ar,1292
CCCC,2,2,0,0,1308,1.48,1,5.5,93.5,1,Ar,454
CCCC,2,2,0,0,1209,1.45,1,5.5,93.5,1,Ar,1836
CCCC,2,2,0,0,1264,2.68,1,5.5,93.5,1,Ar,598
CCCC,2,2,0,0,1188,2.77,1,5.5,93.5,1,Ar,1589
CCCC,2,2,0,0,1352,2.51,1,5.5,93.5,1,Ar,196
CCCC,2,2,0,0,1229,2.73,1,5.5,93.5,1,Ar,1023
CCCC,2,2,0,0,1318,2.62,1,5.5,93.5,1,Ar,306
CCCC,2,2,0,0,1388,2.51,1,5.5,93.5,1,Ar,135
CCCC,2,2,0,0,1352,1.46,1,2.75,96.25,2,Ar,1034
CCCC,2,2,0,0,1411,1.39,1,2.75,96.25,2,Ar,602
CCCC,2,2,0,0,1506,1.37,1,2.75,96.25,2,Ar,237
CCCC,2,2,0,0,1551,1.34,1,2.75,96.25,2,Ar,158
CCCC,2,2,0,0,1296,1.47,1,2.75,96.25,2,Ar,1610
CCCC,2,2,0,0,1248,1.78,0.727,4,95.273,1,Ar,1188
CCCC,2,2,0,0,1306,1.75,0.727,4,95.273,1,Ar,534
CCCC,2,2,0,0,1195,1.8,0.727,4,95.273,1,Ar,2452
CCCC,2,2,0,0,1234,1.81,0.727,4,95.273,1,Ar,1451
CCCC,2,2,0,0,1253,1.25,0.95,6.19,92.86,1,Ar,1791
CCCC,2,2,0,0,1332,1.39,0.95,6.19,92.86,1,Ar,797
CCCC,2,2,0,0,1386,1.49,0.95,6.19,92.86,1,Ar,485
CCCC,2,2,0,0,1450,1.24,0.95,6.19,92.86,1,Ar,267
CCCC,2,2,0,0,1511,1.23,0.95,6.19,92.86,1,Ar,155
CCCC,2,2,0,0,1585,1.24,0.95,6.19,92.86,1,Ar,70
CCCC,2,2,0,0,1250,1.24,0.95,6.19,92.86,1,Ar,1898
CCCC,2,2,0,0,1276,1.23,0.95,6.19,92.86,1,Ar,1432
CCCC,2,2,0,0,1281,5.46,0.95,6.19,92.86,1,Ar,814
CCCC,2,2,0,0,1355,5.5,0.95,6.19,92.86,1,Ar,322
CCCC,2,2,0,0,1400,5.3,0.95,6.19,92.86,1,Ar,199
CCCC,2,2,0,0,1477,5.32,0.95,6.19,92.86,1,Ar,93
CCCC,2,2,0,0,1543,5.42,0.95,6.19,92.86,1,Ar,46
CCCC,2,2,0,0,1230,5.44,0.95,6.19,92.86,1,Ar,1457
CC(C)CC(C)C,4,1,2,0,1391,1.52,0.364,4,95.636,1,Ar,1251
CC(C)CC(C)C,4,1,2,0,1407,1.55,0.364,4,95.636,1,Ar,1189
CC(C)CC(C)C,4,1,2,0,1439,1.57,0.364,4,95.636,1,Ar,812
CC(C)CC(C)C,4,1,2,0,1445,1.54,0.364,4,95.636,1,Ar,764
CC(C)CC(C)C,4,1,2,0,1446,1.5,0.364,4,95.636,1,Ar,763
CC(C)CC(C)C,4,1,2,0,1470,1.5,0.364,4,95.636,1,Ar,536
CC(C)CC(C)C,4,1,2,0,1479,1.59,0.364,4,95.636,1,Ar,509
CC(C)CC(C)C,4,1,2,0,1506,1.51,0.364,4,95.636,1,Ar,371
CC(C)CC(C)C,4,1,2,0,1514,1.49,0.364,4,95.636,1,Ar,320
CC(C)CC(C)C,4,1,2,0,1324,1.61,0.182,4,95.818,0.5,Ar,1357
CC(C)CC(C)C,4,1,2,0,1349,1.41,0.182,4,95.818,0.5,Ar,1294
CC(C)CC(C)C,4,1,2,0,1352,1.59,0.182,4,95.818,0.5,Ar,999
CC(C)CC(C)C,4,1,2,0,1380,1.58,0.182,4,95.818,0.5,Ar,779
CC(C)CC(C)C,4,1,2,0,1419,1.57,0.182,4,95.818,0.5,Ar,507
CC(C)CC(C)C,4,1,2,0,1420,1.58,0.182,4,95.818,0.5,Ar,506
CC(C)CC(C)C,4,1,2,0,1439,1.57,0.182,4,95.818,0.5,Ar,400
CC(C)CC(C)C,4,1,2,0,1449,1.55,0.182,4,95.818,0.5,Ar,336
CC(C)CC(C)C,4,1,2,0,1470,1.54,0.182,4,95.818,0.5,Ar,256
CC(C)CC(C)C,4,1,2,0,1488,1.53,0.182,4,95.818,0.5,Ar,205
CC(C)CC(C)C,4,1,2,0,1367,3.22,0.364,4,95.636,1,Ar,1158
CC(C)CC(C)C,4,1,2,0,1374,3.13,0.364,4,95.636,1,Ar,1098
CC(C)CC(C)C,4,1,2,0,1404,3.08,0.364,4,95.636,1,Ar,770
CC(C)CC(C)C,4,1,2,0,1413,2.88,0.364,4,95.636,1,Ar,655
CC(C)CC(C)C,4,1,2,0,1415,3.01,0.364,4,95.636,1,Ar,683
CC(C)CC(C)C,4,1,2,0,1433,3,0.364,4,95.636,1,Ar,556
CC(C)CC(C)C,4,1,2,0,1455,2.9,0.364,4,95.636,1,Ar,466
CC(C)CC(C)C,4,1,2,0,1466,2.95,0.364,4,95.636,1,Ar,388
CC(C)CCC(C)C,3,3,2,0,1360,1.47,0.32,4,95.68,1,Ar,1501
CC(C)CCC(C)C,3,3,2,0,1391,1.57,0.32,4,95.68,1,Ar,1046
CC(C)CCC(C)C,3,3,2,0,1405,1.47,0.32,4,95.68,1,Ar,942
CC(C)CCC(C)C,3,3,2,0,1428,1.56,0.32,4,95.68,1,Ar,747
CC(C)CCC(C)C,3,3,2,0,1437,1.51,0.32,4,95.68,1,Ar,733
CC(C)CCC(C)C,3,3,2,0,1442,1.45,0.32,4,95.68,1,Ar,632
CC(C)CCC(C)C,3,3,2,0,1450,1.43,0.32,4,95.68,1,Ar,580
CC(C)CCC(C)C,3,3,2,0,1455,1.41,0.32,4,95.68,1,Ar,568
CC(C)CCC(C)C,3,3,2,0,1497,1.48,0.32,4,95.68,1,Ar,341
CC(C)CCC(C)C,3,3,2,0,1517,1.49,0.32,4,95.68,1,Ar,280
CC(C)CCC(C)C,3,3,2,0,1313,1.43,0.18,4,95.82,0.5,Ar,1589
CC(C)CCC(C)C,3,3,2,0,1328,1.41,0.18,4,95.82,0.5,Ar,1211
CC(C)CCC(C)C,3,3,2,0,1341,1.45,0.18,4,95.82,0.5,Ar,1092
CC(C)CCC(C)C,3,3,2,0,1354,1.52,0.18,4,95.82,0.5,Ar,824
CC(C)CCC(C)C,3,3,2,0,1379,1.54,0.18,4,95.82,0.5,Ar,630
CC(C)CCC(C)C,3,3,2,0,1384,1.52,0.18,4,95.82,0.5,Ar,592
CC(C)CCC(C)C,3,3,2,0,1387,1.53,0.18,4,95.82,0.5,Ar,540
CC(C)CCC(C)C,3,3,2,0,1395,1.54,0.18,4,95.82,0.5,Ar,509
CC(C)CCC(C)C,3,3,2,0,1403,1.53,0.18,4,95.82,0.5,Ar,456
CC(C)CCC(C)C,3,3,2,0,1409,1.52,0.18,4,95.82,0.5,Ar,452
CC(C)CCC(C)C,3,3,2,0,1419,1.5,0.18,4,95.82,0.5,Ar,382
CC(C)CCC(C)C,3,3,2,0,1420,1.52,0.18,4,95.82,0.5,Ar,354
CC(C)CCC(C)C,3,3,2,0,1333,3.03,0.32,4,95.68,1,Ar,1234
CC(C)CCC(C)C,3,3,2,0,1350,3.09,0.32,4,95.68,1,Ar,1057
CC(C)CCC(C)C,3,3,2,0,1370,3.14,0.32,4,95.68,1,Ar,933
CC(C)CCC(C)C,3,3,2,0,1371,2.98,0.32,4,95.68,1,Ar,851
CC(C)CCC(C)C,3,3,2,0,1402,2.93,0.32,4,95.68,1,Ar,613
CC(C)CCC(C)C,3,3,2,0,1409,2.92,0.32,4,95.68,1,Ar,608
CC(C)CCC(C)C,3,3,2,0,1410,3.11,0.32,4,95.68,1,Ar,629
CC(C)CCC(C)C,3,3,2,0,1433,2.94,0.32,4,95.68,1,Ar,485
CC(C)CCC(C)C,3,3,2,0,1451,3.02,0.32,4,95.68,1,Ar,416
CC(C)C,3,1,0,0,1526,1.53,0.01,0.065,99.925,1,Ar,1114
CC(C)C,3,1,0,0,1571,1.6,0.01,0.065,99.925,1,Ar,754
CC(C)C,3,1,0,0,1616,1.52,0.01,0.065,99.925,1,Ar,474
CC(C)C,3,1,0,0,1679,1.43,0.01,0.065,99.925,1,Ar,265
CC(C)C,3,1,0,0,1737,1.43,0.01,0.065,99.925,1,Ar,168
CC(C)C,3,1,0,0,1864,1.33,0.01,0.065,99.925,1,Ar,72
CC(C)C,3,1,0,0,1444,1.59,0.05,0.325,99.625,1,Ar,1731
CC(C)C,3,1,0,0,1546,1.58,0.05,0.325,99.625,1,Ar,507
CC(C)C,3,1,0,0,1630,1.49,0.05,0.325,99.625,1,Ar,195
CC(C)C,3,1,0,0,1703,1.4,0.05,0.325,99.625,1,Ar,115
CC(C)C,3,1,0,0,1442,2.71,0.05,0.325,99.625,1,Ar,1338
CC(C)C,3,1,0,0,1540,2.78,0.05,0.325,99.625,1,Ar,512
CC(C)C,3,1,0,0,1603,2.7,0.05,0.325,99.625,1,Ar,224
CC(C)C,3,1,0,0,1625,2.54,0.05,0.325,99.625,1,Ar,184
CC(C)C,3,1,0,0,1723,2.47,0.05,0.325,99.625,1,Ar,75
CC(C)C,3,1,0,0,1765,2,0.05,0.325,99.625,1,Ar,62
CC(C)C,3,1,0,0,1406,5.53,0.05,0.325,99.625,1,Ar,1515
CC(C)C,3,1,0,0,1545,5.61,0.05,0.325,99.625,1,Ar,338
CC(C)C,3,1,0,0,1577,5.03,0.05,0.325,99.625,1,Ar,231
CC(C)C,3,1,0,0,1750,4.78,0.05,0.325,99.625,1,Ar,45
CC(C)C,3,1,0,0,1404,11.12,0.05,0.325,99.625,1,Ar,1281
CC(C)C,3,1,0,0,1473,10.69,0.05,0.325,99.625,1,Ar,554
CC(C)C,3,1,0,0,1542,10.32,0.05,0.325,99.625,1,Ar,305
CC(C)C,3,1,0,0,1607,12.58,0.05,0.325,99.625,1,Ar,144
CC(C)C,3,1,0,0,1684,9.94,0.05,0.325,99.625,1,Ar,73
CC(C)C,3,1,0,0,1411,1.55,0.1,0.65,99.25,1,Ar,1807
CC(C)C,3,1,0,0,1488,1.57,0.1,0.65,99.25,1,Ar,741
CC(C)C,3,1,0,0,1491,1.5,0.1,0.65,99.25,1,Ar,639
CC(C)C,3,1,0,0,1522,1.56,0.1,0.65,99.25,1,Ar,458
CC(C)C,3,1,0,0,1593,1.46,0.1,0.65,99.25,1,Ar,246
CC(C)C,3,1,0,0,1720,1.41,0.1,0.65,99.25,1,Ar,72
CC(C)C,3,1,0,0,1291,1.67,0.125,3.25,96.625,0.25,Ar,1404
CC(C)C,3,1,0,0,1341,1.63,0.125,3.25,96.625,0.25,Ar,672
CC(C)C,3,1,0,0,1390,1.56,0.125,3.25,96.625,0.25,Ar,329
CC(C)C,3,1,0,0,1474,1.51,0.125,3.25,96.625,0.25,Ar,113
CC(C)C,3,1,0,0,1339,1.69,0.25,3.25,96.5,0.5,Ar,1135
CC(C)C,3,1,0,0,1402,1.62,0.25,3.25,96.5,0.5,Ar,493
CC(C)C,3,1,0,0,1488,1.58,0.25,3.25,96.5,0.5,Ar,166
CC(C)C,3,1,0,0,1541,1.47,0.25,3.25,96.5,0.5,Ar,96
CC(C)C,3,1,0,0,1366,1.61,0.5,3.25,96.25,1,Ar,1475
CC(C)C,3,1,0,0,1426,1.55,0.5,3.25,96.25,1,Ar,694
CC(C)C,3,1,0,0,1520,1.49,0.5,3.25,96.25,1,Ar,258
CC(C)C,3,1,0,0,1646,1.46,0.5,3.25,96.25,1,Ar,77
CC(C)C,3,1,0,0,1461,1.52,1,3.25,95.75,2,Ar,1159
CC(C)C,3,1,0,0,1566,1.45,1,3.25,95.75,2,Ar,450
CC(C)C,3,1,0,0,1569,1.47,1,3.25,95.75,2,Ar,453
CC(C)C,3,1,0,0,1681,1.35,1,3.25,95.75,2,Ar,155
CC(C)C,3,1,0,0,1346,1.58,1,6.5,92.5,1,Ar,1162
CC(C)C,3,1,0,0,1351,1.56,1,6.5,92.5,1,Ar,1096
CC(C)C,3,1,0,0,1379,1.55,1,6.5,92.5,1,Ar,675
CC(C)C,3,1,0,0,1383,1.56,1,6.5,92.5,1,Ar,764
CC(C)C,3,1,0,0,1403,1.53,1,6.5,92.5,1,Ar,634
CC(C)C,3,1,0,0,1434,1.56,1,6.5,92.5,1,Ar,381
CC(C)C,3,1,0,0,1445,1.49,1,6.5,92.5,1,Ar,379
CC(C)C,3,1,0,0,1455,1.54,1,6.5,92.5,1,Ar,324
CC(C)C,3,1,0,0,1545,1.49,1,6.5,92.5,1,Ar,118
CC(C)C,3,1,0,0,1555,1.44,1,6.5,92.5,1,Ar,120
CC(C)C,3,1,0,0,1565,1.48,1,6.5,92.5,1,Ar,118
CC(C)C,3,1,0,0,1366,1.61,0.5,3.25,96.25,1,Ar,1429
CC(C)C,3,1,0,0,1426,1.55,0.5,3.25,96.25,1,Ar,680
CC(C)C,3,1,0,0,1520,1.49,0.5,3.25,96.25,1,Ar,233
CC(C)C,3,1,0,0,1646,1.46,0.5,3.25,96.25,1,Ar,65
CC(C)C,3,1,0,0,1339,1.69,0.25,3.25,96.5,0.5,Ar,1128
CC(C)C,3,1,0,0,1402,1.62,0.25,3.25,96.5,0.5,Ar,488
CC(C)C,3,1,0,0,1488,1.58,0.25,3.25,96.5,0.5,Ar,165
CC(C)C,3,1,0,0,1541,1.47,0.25,3.25,96.5,0.5,Ar,93
CC(C)C,3,1,0,0,1291,1.67,0.125,3.25,96.625,0.25,Ar,1476
CC(C)C,3,1,0,0,1341,1.63,0.125,3.25,96.625,0.25,Ar,735
CC(C)C,3,1,0,0,1390,1.56,0.125,3.25,96.625,0.25,Ar,372
CC(C)C,3,1,0,0,1474,1.51,0.125,3.25,96.625,0.25,Ar,120
CC(C)C,3,1,0,0,1411,1.55,0.1,0.65,99.25,1,Ar,1810
CC(C)C,3,1,0,0,1488,1.57,0.1,0.65,99.25,1,Ar,758
CC(C)C,3,1,0,0,1491,1.5,0.1,0.65,99.25,1,Ar,662
CC(C)C,3,1,0,0,1593,1.46,0.1,0.65,99.25,1,Ar,237
CC(C)C,3,1,0,0,1720,1.41,0.1,0.65,99.25,1,Ar,87
CC(C)C,3,1,0,0,1444,1.59,0.05,0.325,99.625,1,Ar,1770
CC(C)C,3,1,0,0,1546,1.58,0.05,0.325,99.625,1,Ar,572
CC(C)C,3,1,0,0,1630,1.49,0.05,0.325,99.625,1,Ar,248
CC(C)C,3,1,0,0,1703,1.4,0.05,0.325,99.625,1,Ar,146
CC(C)C,3,1,0,0,1603,2.7,0.05,0.325,99.625,1,Ar,255
CC(C)C,3,1,0,0,1625,2.5,0.05,0.325,99.625,1,Ar,224
CC(C)C,3,1,0,0,1723,2.5,0.05,0.325,99.625,1,Ar,100
CC(C)C,3,1,0,0,1545,5.61,0.05,0.325,99.625,1,Ar,368
CC(C)C,3,1,0,0,1577,5.03,0.05,0.325,99.625,1,Ar,255
CC(C)C,3,1,0,0,1750,4.78,0.05,0.325,99.625,1,Ar,49
CC(C)CC(C)(C)C,5,1,1,1,1300,1.64,0.025,0.8,99.175,0.25,Ar,1679
CC(C)CC(C)(C)C,5,1,1,1,1399,1.74,0.025,0.8,99.175,0.25,Ar,342
CC(C)CC(C)(C)C,5,1,1,1,1431,1.74,0.025,0.8,99.175,0.25,Ar,215
CC(C)CC(C)(C)C,5,1,1,1,1507,1.72,0.025,0.8,99.175,0.25,Ar,92
CC(C)CC(C)(C)C,5,1,1,1,1362,1.82,0.05,0.8,99.15,0.5,Ar,1175
CC(C)CC(C)(C)C,5,1,1,1,1426,1.81,0.05,0.8,99.15,0.5,Ar,468
CC(C)CC(C)(C)C,5,1,1,1,1460,1.75,0.05,0.8,99.15,0.5,Ar,314
CC(C)CC(C)(C)C,5,1,1,1,1487,1.71,0.05,0.8,99.15,0.5,Ar,254
CC(C)CC(C)(C)C,5,1,1,1,1556,1.68,0.05,0.8,99.15,0.5,Ar,121
CC(C)CC(C)(C)C,5,1,1,1,1413,1.74,0.1,0.8,99.1,1,Ar,1726
CC(C)CC(C)(C)C,5,1,1,1,1496,1.75,0.1,0.8,99.1,1,Ar,619
CC(C)CC(C)(C)C,5,1,1,1,1517,1.74,0.1,0.8,99.1,1,Ar,499
CC(C)CC(C)(C)C,5,1,1,1,1606,1.68,0.1,0.8,99.1,1,Ar,191
CC(C)CC(C)(C)C,5,1,1,1,1708,1.62,0.1,0.8,99.1,1,Ar,83
CC(C)CC(C)(C)C,5,1,1,1,1448,4.68,0.1,0.8,99.1,1,Ar,556
CC(C)CC(C)(C)C,5,1,1,1,1576,4.54,0.1,0.8,99.1,1,Ar,182
CC(C)CC(C)(C)C,5,1,1,1,1609,5.41,0.1,0.8,99.1,1,Ar,96
CC(C)CC(C)(C)C,5,1,1,1,1635,5.67,0.1,0.8,99.1,1,Ar,77
CC(C)CC(C)(C)C,5,1,1,1,1668,4.09,0.1,0.8,99.1,1,Ar,57
CC(C)CC(C)(C)C,5,1,1,1,1726,5.22,0.1,0.8,99.1,1,Ar,35
CC(C)CC(C)(C)C,5,1,1,1,1517,1.7,0.2,0.8,99,2,Ar,1203
CC(C)CC(C)(C)C,5,1,1,1,1574,1.69,0.2,0.8,99,2,Ar,731
CC(C)CC(C)(C)C,5,1,1,1,1672,1.67,0.2,0.8,99,2,Ar,239
CC(C)CC(C)(C)C,5,1,1,1,1717,1.59,0.2,0.8,99,2,Ar,181
CC(C)CC(C)(C)C,5,1,1,1,1426,1.71,0.5,4,95.5,1,Ar,622
CC(C)CC(C)(C)C,5,1,1,1,1466,1.69,0.5,4,95.5,1,Ar,400
CC(C)CC(C)(C)C,5,1,1,1,1534,1.68,0.5,4,95.5,1,Ar,179
CC(C)CC(C)(C)C,5,1,1,1,1552,1.62,0.5,4,95.5,1,Ar,162
CC(C)CC(C)(C)C,5,1,1,1,1342,1.72,1,8,91,1,Ar,924
CC(C)CC(C)(C)C,5,1,1,1,1366,1.75,1,8,91,1,Ar,747
CC(C)CC(C)(C)C,5,1,1,1,1393,1.67,1,8,91,1,Ar,486
CC(C)CC(C)(C)C,5,1,1,1,1473,1.56,1,8,91,1,Ar,198
CC(C)CC(C)(C)C,5,1,1,1,1310,1.85,1.25,20,78.75,0.5,Ar,318
CC(C)CC(C)(C)C,5,1,1,1,1392,1.81,1.25,20,78.75,0.5,Ar,109
CC(C)CC(C)(C)C,5,1,1,1,1534,1.68,0.5,4,95.5,1,Ar,235
CC(C)CC(C)(C)C,5,1,1,1,1552,1.62,0.5,4,95.5,1,Ar,212
CC(C)CC(C)(C)C,5,1,1,1,1413,1.74,0.1,0.8,99.1,1,Ar,1788
CC(C)CC(C)(C)C,5,1,1,1,1517,1.74,0.1,0.8,99.1,1,Ar,551
CC(C)CC(C)(C)C,5,1,1,1,1606,1.68,0.1,0.8,99.1,1,Ar,219
CC(C)CC(C)(C)C,5,1,1,1,1708,1.62,0.1,0.8,99.1,1,Ar,95
CC(C)CC(C)(C)C,5,1,1,1,1609,5.4,0.1,0.8,99.1,1,Ar,183
CC(C)CC(C)(C)C,5,1,1,1,1635,5.67,0.1,0.8,99.1,1,Ar,146
CC(C)CC(C)(C)C,5,1,1,1,1726,5.22,0.1,0.8,99.1,1,Ar,103
CC(C)CC(C)(C)C,5,1,1,1,1545,1.44,0.01,0.125,99.865,1,Ar,1966
CC(C)CC(C)(C)C,5,1,1,1,1592,1.42,0.01,0.125,99.865,1,Ar,1260
CC(C)CC(C)(C)C,5,1,1,1,1652,1.39,0.01,0.125,99.865,1,Ar,741
CC(C)CC(C)(C)C,5,1,1,1,1714,1.39,0.01,0.125,99.865,1,Ar,413
CC(C)CC(C)(C)C,5,1,1,1,1810,1.34,0.01,0.125,99.865,1,Ar,197
CC(C)CC(C)(C)C,5,1,1,1,1922,1.3,0.01,0.125,99.865,1,Ar,100
CC(C)CC(C)(C)C,5,1,1,1,2009,1.29,0.01,0.125,99.865,1,Ar,63
CC(C)CC(C)(C)C,5,1,1,1,1491,1.31,0.025,0.3125,99.6625,1,Ar,1954
CC(C)CC(C)(C)C,5,1,1,1,1495,1.5,0.025,0.3125,99.6625,1,Ar,1994
CC(C)CC(C)(C)C,5,1,1,1,1516,1.45,0.025,0.3125,99.6625,1,Ar,1648
CC(C)CC(C)(C)C,5,1,1,1,1564,1.47,0.025,0.3125,99.6625,1,Ar,940
CC(C)CC(C)(C)C,5,1,1,1,1601,1.44,0.025,0.3125,99.6625,1,Ar,689
CC(C)CC(C)(C)C,5,1,1,1,1647,1.46,0.025,0.3125,99.6625,1,Ar,406
CC(C)CC(C)(C)C,5,1,1,1,1703,1.37,0.025,0.3125,99.6625,1,Ar,259
CC(C)CC(C)(C)C,5,1,1,1,1738,1.37,0.025,0.3125,99.6625,1,Ar,214
CC(C)CC(C)(C)C,5,1,1,1,1809,1.4,0.025,0.3125,99.6625,1,Ar,120
CC(C)CC(C)(C)C,5,1,1,1,1899,1.35,0.025,0.3125,99.6625,1,Ar,76
CC(C)CC(C)(C)C,5,1,1,1,1902,1.1,0.025,0.3125,99.6625,1,Ar,71
CC(C)CC(C)(C)C,5,1,1,1,1455,1.45,0.05,0.625,99.325,1,Ar,1954
CC(C)CC(C)(C)C,5,1,1,1,1523,1.44,0.05,0.625,99.325,1,Ar,976
CC(C)CC(C)(C)C,5,1,1,1,1534,1.37,0.05,0.625,99.325,1,Ar,907
CC(C)CC(C)(C)C,5,1,1,1,1603,1.34,0.05,0.625,99.325,1,Ar,410
CC(C)CC(C)(C)C,5,1,1,1,1613,1.38,0.05,0.625,99.325,1,Ar,346
CC(C)CC(C)(C)C,5,1,1,1,1646,1.34,0.05,0.625,99.325,1,Ar,231
CC(C)CC(C)(C)C,5,1,1,1,1667,1.36,0.05,0.625,99.325,1,Ar,238
CC(C)CC(C)(C)C,5,1,1,1,1733,1.3,0.05,0.625,99.325,1,Ar,144
CC(C)CC(C)(C)C,5,1,1,1,1767,1.34,0.05,0.625,99.325,1,Ar,102
CC(C)CC(C)(C)C,5,1,1,1,1773,1.26,0.05,0.625,99.325,1,Ar,95
CC(C)CC(C)(C)C,5,1,1,1,1823,1.3,0.05,0.625,99.325,1,Ar,74
CC(C)CC(C)(C)C,5,1,1,1,1455,5.12,0.05,0.625,99.325,1,Ar,1290
CC(C)CC(C)(C)C,5,1,1,1,1484,7.5,0.05,0.625,99.325,1,Ar,767
CC(C)CC(C)(C)C,5,1,1,1,1521,4.89,0.05,0.625,99.325,1,Ar,576
CC(C)CC(C)(C)C,5,1,1,1,1618,6.88,0.05,0.625,99.325,1,Ar,199
CC(C)CC(C)(C)C,5,1,1,1,1672,4.74,0.05,0.625,99.325,1,Ar,141
CC(C)CC(C)(C)C,5,1,1,1,1699,6.51,0.05,0.625,99.325,1,Ar,96
CC(C)CC(C)(C)C,5,1,1,1,1800,4.48,0.05,0.625,99.325,1,Ar,52
CC(C)CC(C)(C)C,5,1,1,1,1467,1.44,0.1,1.25,98.65,1,Ar,1454
CC(C)CC(C)(C)C,5,1,1,1,1480,1.47,0.1,1.25,98.65,1,Ar,1302
CC(C)CC(C)(C)C,5,1,1,1,1484,1.49,0.1,1.25,98.65,1,Ar,1334
CC(C)CC(C)(C)C,5,1,1,1,1543,1.49,0.1,1.25,98.65,1,Ar,651
CC(C)CC(C)(C)C,5,1,1,1,1551,1.42,0.1,1.25,98.65,1,Ar,573
CC(C)CC(C)(C)C,5,1,1,1,1642,1.3,0.1,1.25,98.65,1,Ar,269
CC(C)CC(C)(C)C,5,1,1,1,1642,1.38,0.1,1.25,98.65,1,Ar,227
CC(C)CC(C)(C)C,5,1,1,1,1823,1.33,0.1,1.25,98.65,1,Ar,68
CC(C)CC(C)(C)C,5,1,1,1,1236,1.61,0.125,6.25,93.625,0.25,Ar,2700
CC(C)CC(C)(C)C,5,1,1,1,1337,1.55,0.125,6.25,93.625,0.25,Ar,756
CC(C)CC(C)(C)C,5,1,1,1,1394,1.52,0.125,6.25,93.625,0.25,Ar,345
CC(C)CC(C)(C)C,5,1,1,1,1476,1.43,0.125,6.25,93.625,0.25,Ar,130
CC(C)CC(C)(C)C,5,1,1,1,1598,1.4,0.125,6.25,93.625,0.25,Ar,47
CC(C)CC(C)(C)C,5,1,1,1,1421,1.56,0.25,3.125,96.625,0.5,Ar,1576
CC(C)CC(C)(C)C,5,1,1,1,1487,1.46,0.25,3.125,96.625,0.5,Ar,758
CC(C)CC(C)(C)C,5,1,1,1,1598,1.42,0.25,3.125,96.625,0.5,Ar,223
CC(C)CC(C)(C)C,5,1,1,1,1646,1.35,0.25,3.125,96.625,0.5,Ar,147
CC(C)CC(C)(C)C,5,1,1,1,1763,1.37,0.25,3.125,96.625,0.5,Ar,64
CC(C)CC(C)(C)C,5,1,1,1,1297,1.57,0.25,6.25,93.5,0.5,Ar,2370
CC(C)CC(C)(C)C,5,1,1,1,1361,1.5,0.25,6.25,93.5,0.5,Ar,1115
CC(C)CC(C)(C)C,5,1,1,1,1460,1.48,0.25,6.25,93.5,0.5,Ar,321
CC(C)CC(C)(C)C,5,1,1,1,1556,1.41,0.25,6.25,93.5,0.5,Ar,117
CC(C)CC(C)(C)C,5,1,1,1,1710,1.35,0.25,6.25,93.5,0.5,Ar,38
CC(C)CC(C)(C)C,5,1,1,1,1318,1.53,0.5,6.25,93.25,1,Ar,2768
CC(C)CC(C)(C)C,5,1,1,1,1386,1.27,0.5,6.25,93.25,1,Ar,1365
CC(C)CC(C)(C)C,5,1,1,1,1393,1.48,0.5,6.25,93.25,1,Ar,1293
CC(C)CC(C)(C)C,5,1,1,1,1442,1.29,0.5,6.25,93.25,1,Ar,646
CC(C)CC(C)(C)C,5,1,1,1,1493,1.43,0.5,6.25,93.25,1,Ar,375
CC(C)CC(C)(C)C,5,1,1,1,1554,1.28,0.5,6.25,93.25,1,Ar,236
CC(C)CC(C)(C)C,5,1,1,1,1595,1.33,0.5,6.25,93.25,1,Ar,161
CC(C)CC(C)(C)C,5,1,1,1,1695,1.28,0.5,6.25,93.25,1,Ar,74
CC(C)CC(C)(C)C,5,1,1,1,1700,1.18,0.5,6.25,93.25,1,Ar,66
CC(C)CC(C)(C)C,5,1,1,1,1766,1.26,0.5,6.25,93.25,1,Ar,51
CC(C)CC(C)(C)C,5,1,1,1,1206,5.53,0.5,6.25,93.25,1,Ar,2911
CC(C)CC(C)(C)C,5,1,1,1,1215,8.03,0.5,6.25,93.25,1,Ar,1621
CC(C)CC(C)(C)C,5,1,1,1,1251,7.69,0.5,6.25,93.25,1,Ar,1272
CC(C)CC(C)(C)C,5,1,1,1,1265,5.44,0.5,6.25,93.25,1,Ar,1624
CC(C)CC(C)(C)C,5,1,1,1,1305,5.33,0.5,6.25,93.25,1,Ar,1167
CC(C)CC(C)(C)C,5,1,1,1,1363,7.34,0.5,6.25,93.25,1,Ar,498
CC(C)CC(C)(C)C,5,1,1,1,1385,5.08,0.5,6.25,93.25,1,Ar,477
CC(C)CC(C)(C)C,5,1,1,1,1437,6.9,0.5,6.25,93.25,1,Ar,226
CC(C)CC(C)(C)C,5,1,1,1,1474,4.83,0.5,6.25,93.25,1,Ar,236
CC(C)CC(C)(C)C,5,1,1,1,1606,7.07,0.5,6.25,93.25,1,Ar,57
CC(C)CC(C)(C)C,5,1,1,1,1360,1.44,1,6.25,92.75,2,Ar,2099
CC(C)CC(C)(C)C,5,1,1,1,1412,1.43,1,6.25,92.75,2,Ar,1170
CC(C)CC(C)(C)C,5,1,1,1,1512,1.46,1,6.25,92.75,2,Ar,486
CC(C)CC(C)(C)C,5,1,1,1,1589,1.35,1,6.25,92.75,2,Ar,199
CC(C)CC(C)(C)C,5,1,1,1,1177,8.17,1,6.25,92.75,2,Ar,2142
CC(C)CC(C)(C)C,5,1,1,1,1269,8.07,1,6.25,92.75,2,Ar,952
CC(C)CC(C)(C)C,5,1,1,1,1352,7.91,1,6.25,92.75,2,Ar,356
CC(C)CC(C)(C)C,5,1,1,1,1238,1.46,1,12.5,86.5,1,Ar,1852
CC(C)CC(C)(C)C,5,1,1,1,1289,1.43,1,12.5,86.5,1,Ar,1248
CC(C)CC(C)(C)C,5,1,1,1,1302,1.32,1,12.5,86.5,1,Ar,1253
CC(C)CC(C)(C)C,5,1,1,1,1317,1.44,1,12.5,86.5,1,Ar,836
CC(C)CC(C)(C)C,5,1,1,1,1402,1.44,1,12.5,86.5,1,Ar,303
CC(C)CC(C)(C)C,5,1,1,1,1439,1.4,1,12.5,86.5,1,Ar,245
CC(C)CC(C)(C)C,5,1,1,1,1498,1.32,1,12.5,86.5,1,Ar,139
CC(C)CC(C)(C)C,5,1,1,1,1535,1.38,1,12.5,86.5,1,Ar,108
CC(C)CC(C)(C)C,5,1,1,1,1610,1.36,1,12.5,86.5,1,Ar,44
CC(C)CC(C)(C)C,5,1,1,1,1398,1.43,1,6.25,92.75,2,Ar,1422
CC(C)CC(C)(C)C,5,1,1,1,1506,1.42,1,6.25,92.75,2,Ar,589
CC(C)CC(C)(C)C,5,1,1,1,1656,1.34,1,6.25,92.75,2,Ar,127
CC(C)CC(C)(C)C,5,1,1,1,1330,1.55,0.5,6.25,93.25,1,Ar,1870
CC(C)CC(C)(C)C,5,1,1,1,1408,1.5,0.5,6.25,93.25,1,Ar,880
CC(C)CC(C)(C)C,5,1,1,1,1507,1.43,0.5,6.25,93.25,1,Ar,280
CC(C)CC(C)(C)C,5,1,1,1,1641,1.37,0.5,6.25,93.25,1,Ar,62
CC(C)CC(C)(C)C,5,1,1,1,1299,1.63,0.25,6.25,93.5,0.5,Ar,1825
CC(C)CC(C)(C)C,5,1,1,1,1394,1.53,0.25,6.25,93.5,0.5,Ar,621
CC(C)CC(C)(C)C,5,1,1,1,1467,1.48,0.25,6.25,93.5,0.5,Ar,226
CC(C)CC(C)(C)C,5,1,1,1,1570,1.41,0.25,6.25,93.5,0.5,Ar,62
CC(C)CC(C)(C)C,5,1,1,1,1449,1.59,0.05,0.625,99.325,1,Ar,2182
CC(C)CC(C)(C)C,5,1,1,1,1511,1.51,0.05,0.625,99.325,1,Ar,1152
CC(C)CC(C)(C)C,5,1,1,1,1614,1.43,0.05,0.625,99.325,1,Ar,388
CC(C)CC(C)(C)C,5,1,1,1,1736,1.4,0.05,0.625,99.325,1,Ar,137
CC(C)CC(C)(C)C,5,1,1,1,984,18.1,1.652,7.8125,90.5355,1,Ar,1511
CC(C)CC(C)(C)C,5,1,1,1,995,16.3,1.652,7.8125,90.5355,1,Ar,1535
CC(C)CC(C)(C)C,5,1,1,1,1043,17.1,1.652,7.8125,90.5355,1,Ar,927
CC(C)CC(C)(C)C,5,1,1,1,1077,18.4,1.652,7.8125,90.5355,1,Ar,604
CC(C)CC(C)(C)C,5,1,1,1,1109,15.9,1.652,7.8125,90.5355,1,Ar,516
CC(C)CC(C)(C)C,5,1,1,1,1159,14.9,1.652,7.8125,90.5355,1,Ar,214
CC(C)CC(C)(C)C,5,1,1,1,855,56.4,1.652,7.8125,90.5355,1,Ar,1719
CC(C)CC(C)(C)C,5,1,1,1,867,59.3,1.652,7.8125,90.5355,1,Ar,1755
CC(C)CC(C)(C)C,5,1,1,1,894,58.5,1.652,7.8125,90.5355,1,Ar,1193
CC(C)CC(C)(C)C,5,1,1,1,927,55.7,1.652,7.8125,90.5355,1,Ar,1067
CC(C)CC(C)(C)C,5,1,1,1,975,51.2,1.652,7.8125,90.5355,1,Ar,871
CC(C)CC(C)(C)C,5,1,1,1,1006,51.1,1.652,7.8125,90.5355,1,Ar,625
CC(C)CC(C)(C)C,5,1,1,1,1015,47.8,1.652,7.8125,90.5355,1,Ar,505
CC(C)CC(C)(C)C,5,1,1,1,1098,47.5,1.652,7.8125,90.5355,1,Ar,222
CC(C)CC(C)(C)C,5,1,1,1,1043,15,0.826,7.8125,91.3615,0.5,Ar,1747
CC(C)CC(C)(C)C,5,1,1,1,1071,14.9,0.826,7.8125,91.3615,0.5,Ar,1222
CC(C)CC(C)(C)C,5,1,1,1,1095,14.4,0.826,7.8125,91.3615,0.5,Ar,916
CC(C)CC(C)(C)C,5,1,1,1,1171,13.5,0.826,7.8125,91.3615,0.5,Ar,329
CC(C)CC(C)(C)C,5,1,1,1,1009,51.1,0.826,7.8125,91.3615,0.5,Ar,1075
CC(C)CC(C)(C)C,5,1,1,1,1057,51,0.826,7.8125,91.3615,0.5,Ar,598
CC(C)CC(C)(C)C,5,1,1,1,1099,48.6,0.826,7.8125,91.3615,0.5,Ar,348
CC(C)CC(C)(C)C,5,1,1,1,1147,47.8,0.826,7.8125,91.3615,0.5,Ar,178
CC(C)CC(C)(C)C,5,1,1,1,1300,1.74,0.05,0.625,99.325,1,Ar,1910
CC(C)CC(C)(C)C,5,1,1,1,1470,1.61,0.05,0.625,99.325,1,Ar,1504
CC(C)CC(C)(C)C,5,1,1,1,1559,1.55,0.05,0.625,99.325,1,Ar,667
CC(C)CC(C)(C)C,5,1,1,1,1021,45.1,0.418,20.9,78.682,0.25,Ar,1545
CC(C)CC(C)(C)C,5,1,1,1,1064,43.5,0.418,20.9,78.682,0.25,Ar,937
CC(C)CC(C)(C)C,5,1,1,1,1117,51.1,0.418,20.9,78.682,0.25,Ar,437
CC(C)CC(C)(C)C,5,1,1,1,1117,43.8,0.418,20.9,78.682,0.25,Ar,510
CC(C)CC(C)(C)C,5,1,1,1,1126,47.2,0.418,20.9,78.682,0.25,Ar,436
CC(C)CC(C)(C)C,5,1,1,1,1144,45.5,0.418,20.9,78.682,0.25,Ar,294
CC(C)CC(C)(C)C,5,1,1,1,1144,45.1,0.418,20.9,78.682,0.25,Ar,233
CC(C)CC(C)(C)C,5,1,1,1,1152,45.8,0.418,20.9,78.682,0.25,Ar,267
CC(C)CC(C)(C)C,5,1,1,1,1156,44.7,0.418,20.9,78.682,0.25,Ar,280
CC(C)CC(C)(C)C,5,1,1,1,1165,47.4,0.418,20.9,78.682,0.25,Ar,199
CC(C)CC(C)(C)C,5,1,1,1,1175,49,0.418,20.9,78.682,0.25,Ar,169
CC(C)CC(C)(C)C,5,1,1,1,1176,46.7,0.418,20.9,78.682,0.25,Ar,186
CC(C)CC(C)(C)C,5,1,1,1,1194,48.3,0.418,20.9,78.682,0.25,Ar,132
CC(C)CC(C)(C)C,5,1,1,1,1206,47.1,0.418,20.9,78.682,0.25,Ar,116
CC(C)CC(C)(C)C,5,1,1,1,1207,43.8,0.418,20.9,78.682,0.25,Ar,117
CC(C)CC(C)(C)C,5,1,1,1,1232,43.7,0.418,20.9,78.682,0.25,Ar,77
CC(C)CC(C)(C)C,5,1,1,1,1105,26.5,0.418,20.9,78.682,0.25,Ar,705
CC(C)CC(C)(C)C,5,1,1,1,1185,21.8,0.418,20.9,78.682,0.25,Ar,306
CC(C)CC(C)(C)C,5,1,1,1,1187,24.5,0.418,20.9,78.682,0.25,Ar,293
CC(C)CC(C)(C)C,5,1,1,1,1211,23.7,0.418,20.9,78.682,0.25,Ar,198
CC(C)CC(C)(C)C,5,1,1,1,1302,23.5,0.418,20.9,78.682,0.25,Ar,64
CC(C)CC(C)(C)C,5,1,1,1,1021,45.1,0.418,20.9,78.682,0.25,Ar,1545
CC(C)CC(C)(C)C,5,1,1,1,1064,43.5,0.418,20.9,78.682,0.25,Ar,937
CC(C)CC(C)(C)C,5,1,1,1,1117,51.1,0.418,20.9,78.682,0.25,Ar,437
CC(C)CC(C)(C)C,5,1,1,1,1117,43.8,0.418,20.9,78.682,0.25,Ar,510
CC(C)CC(C)(C)C,5,1,1,1,1126,47.2,0.418,20.9,78.682,0.25,Ar,436
CC(C)CC(C)(C)C,5,1,1,1,1144,45.5,0.418,20.9,78.682,0.25,Ar,294
CC(C)CC(C)(C)C,5,1,1,1,1144,45.1,0.418,20.9,78.682,0.25,Ar,233
CC(C)CC(C)(C)C,5,1,1,1,1152,45.8,0.418,20.9,78.682,0.25,Ar,267
CC(C)CC(C)(C)C,5,1,1,1,1156,44.7,0.418,20.9,78.682,0.25,Ar,280
CC(C)CC(C)(C)C,5,1,1,1,1165,47.4,0.418,20.9,78.682,0.25,Ar,199
CC(C)CC(C)(C)C,5,1,1,1,1175,49,0.418,20.9,78.682,0.25,Ar,169
CC(C)CC(C)(C)C,5,1,1,1,1176,46.7,0.418,20.9,78.682,0.25,Ar,186
CC(C)CC(C)(C)C,5,1,1,1,1194,48.3,0.418,20.9,78.682,0.25,Ar,132
CC(C)CC(C)(C)C,5,1,1,1,1206,47.1,0.418,20.9,78.682,0.25,Ar,116
CC(C)CC(C)(C)C,5,1,1,1,1207,43.8,0.418,20.9,78.682,0.25,Ar,117
CC(C)CC(C)(C)C,5,1,1,1,1232,43.7,0.418,20.9,78.682,0.25,Ar,77
CC(C)CC(C)(C)C,5,1,1,1,1105,26.5,0.418,20.9,78.682,0.25,Ar,705
CC(C)CC(C)(C)C,5,1,1,1,1185,21.8,0.418,20.9,78.682,0.25,Ar,306
CC(C)CC(C)(C)C,5,1,1,1,1187,24.5,0.418,20.9,78.682,0.25,Ar,293
CC(C)CC(C)(C)C,5,1,1,1,1211,23.7,0.418,20.9,78.682,0.25,Ar,198
CC(C)CC(C)(C)C,5,1,1,1,1302,23.5,0.418,20.9,78.682,0.25,Ar,64
CC(C)CC(C)(C)C,5,1,1,1,1356,1.5,0.32,4,95.68,1,Ar,2031
CC(C)CC(C)(C)C,5,1,1,1,1370,1.49,0.32,4,95.68,1,Ar,1695
CC(C)CC(C)(C)C,5,1,1,1,1397,1.48,0.32,4,95.68,1,Ar,1323
CC(C)CC(C)(C)C,5,1,1,1,1427,1.48,0.32,4,95.68,1,Ar,978
CC(C)CC(C)(C)C,5,1,1,1,1461,1.45,0.32,4,95.68,1,Ar,706
CC(C)CC(C)(C)C,5,1,1,1,1479,1.59,0.32,4,95.68,1,Ar,509
CC(C)CC(C)(C)C,5,1,1,1,1494,1.42,0.32,4,95.68,1,Ar,490
CC(C)CC(C)(C)C,5,1,1,1,1501,1.34,0.32,4,95.68,1,Ar,510
CC(C)CC(C)(C)C,5,1,1,1,1537,1.35,0.32,4,95.68,1,Ar,305
CC(C)CC(C)(C)C,5,1,1,1,1554,1.37,0.32,4,95.68,1,Ar,263
CC(C)CC(C)(C)C,5,1,1,1,1336,1.39,0.16,4,95.84,0.5,Ar,1690
CC(C)CC(C)(C)C,5,1,1,1,1369,1.49,0.16,4,95.84,0.5,Ar,1041
CC(C)CC(C)(C)C,5,1,1,1,1384,1.55,0.16,4,95.84,0.5,Ar,935
CC(C)CC(C)(C)C,5,1,1,1,1389,1.56,0.16,4,95.84,0.5,Ar,852
CC(C)CC(C)(C)C,5,1,1,1,1410,1.49,0.16,4,95.84,0.5,Ar,684
CC(C)CC(C)(C)C,5,1,1,1,1414,1.49,0.16,4,95.84,0.5,Ar,623
CC(C)CC(C)(C)C,5,1,1,1,1442,1.5,0.16,4,95.84,0.5,Ar,436
CC(C)CC(C)(C)C,5,1,1,1,1456,1.49,0.16,4,95.84,0.5,Ar,383
CC(C)CC(C)(C)C,5,1,1,1,1474,1.48,0.16,4,95.84,0.5,Ar,298
CC(C)CC(C)(C)C,5,1,1,1,1499,1.48,0.16,4,95.84,0.5,Ar,222
CC(C)CC(C)(C)C,5,1,1,1,1502,1.44,0.16,4,95.84,0.5,Ar,208
CC(C)CC(C)(C)C,5,1,1,1,1367,3.05,0.32,4,95.68,1,Ar,1223
CC(C)CC(C)(C)C,5,1,1,1,1387,3.04,0.32,4,95.68,1,Ar,1096
CC(C)CC(C)(C)C,5,1,1,1,1428,3,0.32,4,95.68,1,Ar,709
CC(C)CC(C)(C)C,5,1,1,1,1453,2.96,0.32,4,95.68,1,Ar,546
CC(C)CC(C)(C)C,5,1,1,1,1461,2.9,0.32,4,95.68,1,Ar,487
CC(C)CC(C)(C)C,5,1,1,1,1472,2.86,0.32,4,95.68,1,Ar,431
CC(C)CC(C)(C)C,5,1,1,1,1486,2.81,0.32,4,95.68,1,Ar,358
CC(C)CC(C)(C)C,5,1,1,1,1500,2.86,0.32,4,95.68,1,Ar,331
CC(C)CC(C)(C)C,5,1,1,1,1474,1.58,0.0511,0.813,99.1359,0.79,Ar,968
CC(C)CC(C)(C)C,5,1,1,1,1610,1.59,0.0511,0.813,99.1359,0.79,Ar,244
CC(C)CC,3,1,1,0,1300,1.64,0.025,0.8,99.175,0.25,Ar,1679
CC(C)CC,3,1,1,0,1399,1.74,0.025,0.8,99.175,0.25,Ar,342
CC(C)CC,3,1,1,0,1431,1.74,0.025,0.8,99.175,0.25,Ar,215
CC(C)CC,3,1,1,0,1507,1.72,0.025,0.8,99.175,0.25,Ar,92
CC(C)CC,3,1,1,0,1362,1.82,0.05,0.8,99.15,0.5,Ar,1175
CC(C)CC,3,1,1,0,1426,1.81,0.05,0.8,99.15,0.5,Ar,468
CC(C)CC,3,1,1,0,1460,1.75,0.05,0.8,99.15,0.5,Ar,314
CC(C)CC,3,1,1,0,1487,1.71,0.05,0.8,99.15,0.5,Ar,254
CC(C)CC,3,1,1,0,1556,1.68,0.05,0.8,99.15,0.5,Ar,121
CC(C)CC,3,1,1,0,1413,1.74,0.1,0.8,99.1,1,Ar,1726
CC(C)CC,3,1,1,0,1496,1.75,0.1,0.8,99.1,1,Ar,619
CC(C)CC,3,1,1,0,1517,1.74,0.1,0.8,99.1,1,Ar,499
CC(C)CC,3,1,1,0,1606,1.68,0.1,0.8,99.1,1,Ar,191
CC(C)CC,3,1,1,0,1708,1.62,0.1,0.8,99.1,1,Ar,83
CC(C)CC,3,1,1,0,1448,4.68,0.1,0.8,99.1,1,Ar,556
CC(C)CC,3,1,1,0,1576,4.54,0.1,0.8,99.1,1,Ar,182
CC(C)CC,3,1,1,0,1609,5.41,0.1,0.8,99.1,1,Ar,96
CC(C)CC,3,1,1,0,1635,5.67,0.1,0.8,99.1,1,Ar,77
CC(C)CC,3,1,1,0,1668,4.09,0.1,0.8,99.1,1,Ar,57
CC(C)CC,3,1,1,0,1726,5.22,0.1,0.8,99.1,1,Ar,35
CC(C)CC,3,1,1,0,1517,1.7,0.2,0.8,99,2,Ar,1203
CC(C)CC,3,1,1,0,1574,1.69,0.2,0.8,99,2,Ar,731
CC(C)CC,3,1,1,0,1672,1.67,0.2,0.8,99,2,Ar,239
CC(C)CC,3,1,1,0,1717,1.59,0.2,0.8,99,2,Ar,181
CC(C)CC,3,1,1,0,1426,1.71,0.5,4,95.5,1,Ar,622
CC(C)CC,3,1,1,0,1466,1.69,0.5,4,95.5,1,Ar,400
CC(C)CC,3,1,1,0,1534,1.68,0.5,4,95.5,1,Ar,179
CC(C)CC,3,1,1,0,1552,1.62,0.5,4,95.5,1,Ar,162
CC(C)CC,3,1,1,0,1342,1.72,1,8,91,1,Ar,924
CC(C)CC,3,1,1,0,1366,1.75,1,8,91,1,Ar,747
CC(C)CC,3,1,1,0,1393,1.67,1,8,91,1,Ar,486
CC(C)CC,3,1,1,0,1473,1.56,1,8,91,1,Ar,198
CC(C)CC,3,1,1,0,1310,1.85,1.25,20,78.75,0.5,Ar,318
CC(C)CC,3,1,1,0,1392,1.81,1.25,20,78.75,0.5,Ar,109
CC(C)CC,3,1,1,0,1534,1.68,0.5,4,95.5,1,Ar,235
CC(C)CC,3,1,1,0,1552,1.62,0.5,4,95.5,1,Ar,212
CC(C)CC,3,1,1,0,1413,1.74,0.1,0.8,99.1,1,Ar,1788
CC(C)CC,3,1,1,0,1517,1.74,0.1,0.8,99.1,1,Ar,551
CC(C)CC,3,1,1,0,1606,1.68,0.1,0.8,99.1,1,Ar,219
CC(C)CC,3,1,1,0,1708,1.62,0.1,0.8,99.1,1,Ar,95
CC(C)CC,3,1,1,0,1609,5.4,0.1,0.8,99.1,1,Ar,183
CC(C)CC,3,1,1,0,1635,5.67,0.1,0.8,99.1,1,Ar,146
CC(C)CC,3,1,1,0,1726,5.22,0.1,0.8,99.1,1,Ar,103
CCCCCCCCCC,2,8,0,0,1470,1.23,0.2,3.1,96.7,1,Ar,180
CCCCCCCCCC,2,8,0,0,1445,1.24,0.2,3.1,96.7,1,Ar,290
CCCCCCCCCC,2,8,0,0,1397,1.26,0.2,3.1,96.7,1,Ar,480
CCCCCCCCCC,2,8,0,0,1456,1.24,0.2,3.1,96.7,1,Ar,235
CCCCCCCCCC,2,8,0,0,1434,1.23,0.2,3.1,96.7,1,Ar,320
CCCCCCCCCC,2,8,0,0,1516,1.22,0.2,3.1,96.7,1,Ar,124
CCCCCCCCCC,2,8,0,0,1479,2.19,0.03,0.465,99.505,1,Ar,375
CCCCCCCCCC,2,8,0,0,1525,2.21,0.03,0.465,99.505,1,Ar,154
CCCCCCCCCC,2,8,0,0,1574,2.12,0.03,0.465,99.505,1,Ar,119
CCCCCCCCCC,2,8,0,0,1661,2.08,0.03,0.465,99.505,1,Ar,87
CCCCCCCCCC,2,8,0,0,1706,2.15,0.03,0.465,99.505,1,Ar,37
CCCCCCCCCC,2,8,0,0,1462,2.11,0.03,0.5817,99.3883,0.8,Ar,206
CCCCCCCCCC,2,8,0,0,1526,2.03,0.03,0.5817,99.3883,0.8,Ar,83
CCCCCCCCCC,2,8,0,0,1602,2.25,0.03,0.3875,99.5825,1.2,Ar,124
CCCCCCCCCC,2,8,0,0,1706,2.17,0.03,0.3875,99.5825,1.2,Ar,43
CCCCCCCCCC,2,8,0,0,1357,2.28,0.2,3.1,96.7,1,Ar,341
CCCCCCCCCC,2,8,0,0,1404,2.2,0.2,3.1,96.7,1,Ar,238
CCCCCCCCCC,2,8,0,0,1327,1.69,0.0334,0.813,99.1536,0.64,Ar,1099
CCCCCCCCCC,2,8,0,0,1382,1.68,0.0358,0.813,99.1512,0.68,Ar,621
CCCCCCCCCC,2,8,0,0,1524,1.61,0.0365,0.813,99.1505,0.7,Ar,144
CCCCCCCCCC,2,8,0,0,1081,5.14,1.44,21,77.56,1.06,N2,1696
CCCCCCCCCC,2,8,0,0,1131,4.87,1.494,21,77.506,1.1,N2,1252
CCCCCCCCCC,2,8,0,0,1154,5.15,1.895,21,77.105,1.4,N2,921
CCCCCCCCCC,2,8,0,0,1109,4.56,1.472,21,77.528,1.09,N2,1358
CCCCCCCCCC,2,8,0,0,1173,4.93,2.567,21,76.433,1.89,N2,950
CCCCCCCCCC,2,8,0,0,1127,6.12,0.6844,21,78.3156,0.6,N2,797
CCCCCCCCCC,2,8,0,0,1050,7.88,0.9365,21,78.0635,0.82,N2,1034
CCCCCCCCCC,2,8,0,0,1084,8.02,0.7871,21,78.2129,0.69,N2,738
CCCCCCCCCC,2,8,0,0,1114,8.5,0.6885,21,78.3115,0.61,N2,640
CCCCCCCCCC,2,8,0,0,1179,8.53,0.9497,21,78.0503,0.84,N2,220
CCCCCCCCCC,2,8,0,0,1167,7.88,1.0246,21,77.9754,0.9,N2,215
CCCCCCCCCC,2,8,0,0,1168,6.37,0.7339,21,78.2661,0.65,Ar,484
CCCCCCCCCC,2,8,0,0,1209,4.64,0.186,21,78.814,0.16,Ar,926
CCCCCCCCCC,2,8,0,0,1163,4.93,0.2534,21,78.7466,0.22,Ar,1800
CCCCCCCCCC,2,8,0,0,1192,5.06,0.3437,21,78.6563,0.3,Ar,1110
CCCCCCCCCC,2,8,0,0,1078,4,0.2074,21,78.7926,0.18,Ar,5605
CCCCCCCCCC,2,8,0,0,976,4.87,0.4056,21,78.5944,0.36,Ar,6220
CCCCCCCCCC,2,8,0,0,903,5,0.9297,21,78.0703,0.82,Ar,7825
CCCCCCCCCC,2,8,0,0,1241,4.79,0.3488,21,78.6512,0.31,Ar,337
CCCCCCCCCC,2,8,0,0,1351,4.51,0.2064,21,78.7936,0.18,Ar,233
CCCCCCCCCC,2,8,0,0,979,5.04,2.138,21,76.862,1.88,Ar,306
CCCCCCCCCC,2,8,0,0,1025,6.06,1.659,21,77.341,1.46,Ar,543
CCCCCCCCCC,2,8,0,0,988,6.46,1.99,21,77.01,1.75,Ar,260
CCCCCCCCCC,2,8,0,0,1112,5.65,0.1905,21,78.8095,0.17,Ar,2281
CCCCCCCCCC,2,8,0,0,838,6.26,1.504,21,77.496,1.32,Ar,5352
CCCCCCCCCC,2,8,0,0,939,6.31,1.802,21,77.198,1.59,Ar,544
CCCCCCCCCC,2,8,0,0,964,5.82,1.289,21,77.711,1.14,Ar,1175
CCCCCCCCCC,2,8,0,0,932,6.01,1.494,21,77.506,1.32,Ar,1559
CCCCCCCCCC,2,8,0,0,1156,5.34,0.0558,21,78.9442,0.05,Ar,1526
CCCCCCCCCC,2,8,0,0,1134,5.2,0.0662,21,78.9338,0.06,Ar,2006
CCCCCCCCCC,2,8,0,0,1172,6.19,0.5336,21,78.4664,0.47,Ar,524
CCCCCCCCCC,2,8,0,0,1191,6.4,0.589,21,78.411,0.52,Ar,550
CCCCCCCCCC,2,8,0,0,1249,6.23,0.7572,21,78.2428,0.67,Ar,114
CCCCCCCCCC,2,8,0,0,1284,6.42,0.8276,21,78.1724,0.73,Ar,80
CCCCCCCCCC,2,8,0,0,1053,6.56,0.5649,21,78.4351,0.5,Ar,2105
CCCCCCCCCC,2,8,0,0,1045,6.71,0.6098,21,78.3902,0.54,Ar,2753
CCCCCCCCCC,2,8,0,0,1068,6.4,0.516,21,78.484,0.45,Ar,2126
CCCCCCCCCC,2,8,0,0,1078,6.32,0.5023,21,78.4977,0.44,Ar,1624
CCCCCCCCCC,2,8,0,0,1086,6.32,0.5655,21,78.4345,0.5,Ar,1422
CCCCCCCCCC,2,8,0,0,1107,6.25,0.5533,21,78.4467,0.49,Ar,1200
CCCCCCCCCC,2,8,0,0,1118,6.18,0.5678,21,78.4322,0.5,Ar,1081
CCCCCCCCCC,2,8,0,0,1140,6.07,0.576,21,78.424,0.51,Ar,820
CCCCCCCCCC,2,8,0,0,1345,5.92,0.6297,21,78.3703,0.55,Ar,123
CCCCCCCCCC,2,8,0,0,1319,5.78,0.4595,21,78.5405,0.4,Ar,181
CCCCCCCCCC,2,8,0,0,1117,8.09,0.7901,21,78.2099,0.7,Ar,412
CCCCCCCCCC,2,8,0,0,1124,8.24,0.6972,21,78.3028,0.61,Ar,702
CCCCCCCCCC,2,8,0,0,993,4.23,0.6795,21,78.3205,0.6,Ar,5732
CCCCCCCCCC,2,8,0,0,921,4.86,1.231,21,77.769,1.08,Ar,6085
CCCCCCCCCC,2,8,0,0,943,5.21,1.28,21,77.72,1.13,Ar,3804
CCCCCCCCCC,2,8,0,0,932,4.98,1.24,21,77.76,1.09,Ar,4627
CCCCCCCCCC,2,8,0,0,954,5.05,1.158,21,77.842,1.02,Ar,4169
CCCCCCCCCC,2,8,0,0,1061,4.1,1.116,21,77.884,0.98,Ar,959
CCCCCCCCCC,2,8,0,0,1019,4.36,0.9624,21,78.0376,0.85,Ar,1828
CCCCCCCCCC,2,8,0,0,976,4.49,1,21,78,0.88,Ar,2555
CCCCCCCCCC,2,8,0,0,1192,4.57,0.875,21,78.125,0.77,Ar,246
CCCCCCCCCC,2,8,0,0,1118,4.88,0.8929,21,78.1071,0.79,Ar,587
CCCCCCCCCC,2,8,0,0,1146,4.01,0.5656,21,78.4344,0.5,Ar,1027
CCCCCCCCCC,2,8,0,0,1035,4.43,0.83,21,78.17,0.73,Ar,1803
CCCCCCCCCC,2,8,0,0,1003,4.68,0.742,21,78.258,0.65,Ar,4081
CCCCCCCCCC,2,8,0,0,1147,4.97,1.276,21,77.724,1.12,Ar,357
CCCCCCCCCC,2,8,0,0,1220,8.63,0.4879,21,78.5121,0.43,Ar,292
CCCCCCCCCC,2,8,0,0,1172,5.33,0.7078,21,78.2922,0.62,Ar,663
CCCCCCCCCC,2,8,0,0,1011,6.57,1.179,21,77.821,1.04,Ar,1100
CCCCCCCCCC,2,8,0,0,940,7,1.166,21,77.834,1.03,Ar,2599
CCCCCCCCCC,2,8,0,0,958,6.57,1.169,21,77.831,1.03,Ar,2041
CCCCCCCCCC,2,8,0,0,921,6.25,0.9985,21,78.0015,0.88,Ar,5556
CCCCCCCCCC,2,8,0,0,1037,5.69,0.5463,21,78.4537,0.48,Ar,2607
CCCCCCCCCC,2,8,0,0,1049,5.76,0.5734,21,78.4266,0.51,Ar,2581
CCCCCCCCCCCC,2,10,0,0,747,26,0.565,20.89,78.545,0.5,N2,2243
CCCCCCCCCCCC,2,10,0,0,806,25,0.565,20.89,78.545,0.5,N2,1522
CCCCCCCCCCCC,2,10,0,0,873,23.1,0.565,20.89,78.545,0.5,N2,1918
CCCCCCCCCCCC,2,10,0,0,910,22.7,0.565,20.89,78.545,0.5,N2,2134
CCCCCCCCCCCC,2,10,0,0,943,18.1,0.565,20.89,78.545,0.5,N2,2276
CCCCCCCCCCCC,2,10,0,0,996,20.3,0.565,20.89,78.545,0.5,N2,1245
CCCCCCCCCCCC,2,10,0,0,1039,21,0.565,20.89,78.545,0.5,N2,826
CCCCCCCCCCCC,2,10,0,0,1049,18.9,0.565,20.89,78.545,0.5,N2,839
CCCCCCCCCCCC,2,10,0,0,1054,20.1,0.565,20.89,78.545,0.5,N2,788
CCCCCCCCCCCC,2,10,0,0,1082,18.4,0.565,20.89,78.545,0.5,N2,566
CCCCCCCCCCCC,2,10,0,0,1087,19.6,0.565,20.89,78.545,0.5,N2,527
CCCCCCCCCCCC,2,10,0,0,1117,30.9,0.565,20.89,78.545,0.5,N2,266
CCCCCCCCCCCC,2,10,0,0,1118,20.3,0.565,20.89,78.545,0.5,N2,346
CCCCCCCCCCCC,2,10,0,0,1149,21,0.565,20.89,78.545,0.5,N2,261
CCCCCCCCCCCC,2,10,0,0,1163,21.2,0.565,20.89,78.545,0.5,N2,213
CCCCCCCCCCCC,2,10,0,0,1177,20.8,0.565,20.89,78.545,0.5,N2,165
CCCCCCCCCCCC,2,10,0,0,727,27,1.123,20.77,78.107,1,N2,809
CCCCCCCCCCCC,2,10,0,0,773,28.7,1.123,20.77,78.107,1,N2,556
CCCCCCCCCCCC,2,10,0,0,818,26.9,1.123,20.77,78.107,1,N2,881
CCCCCCCCCCCC,2,10,0,0,822,23.3,1.123,20.77,78.107,1,N2,805
CCCCCCCCCCCC,2,10,0,0,855,25.9,1.123,20.77,78.107,1,N2,875
CCCCCCCCCCCC,2,10,0,0,869,22.5,1.123,20.77,78.107,1,N2,1040
CCCCCCCCCCCC,2,10,0,0,907,23.4,1.123,20.77,78.107,1,N2,1081
CCCCCCCCCCCC,2,10,0,0,942,21,1.123,20.77,78.107,1,N2,1116
CCCCCCCCCCCC,2,10,0,0,953,20,1.123,20.77,78.107,1,N2,1141
CCCCCCCCCCCC,2,10,0,0,957,19.8,1.123,20.77,78.107,1,N2,1064
CCCCCCCCCCCC,2,10,0,0,976,20.5,1.123,20.77,78.107,1,N2,800
CCCCCCCCCCCC,2,10,0,0,978,22.9,1.123,20.77,78.107,1,N2,912
CCCCCCCCCCCC,2,10,0,0,987,22,1.123,20.77,78.107,1,N2,699
CCCCCCCCCCCC,2,10,0,0,991,21.8,1.123,20.77,78.107,1,N2,645
CCCCCCCCCCCC,2,10,0,0,992,20.4,1.123,20.77,78.107,1,N2,739
CCCCCCCCCCCC,2,10,0,0,1008,22.4,1.123,20.77,78.107,1,N2,570
CCCCCCCCCCCC,2,10,0,0,1015,22.3,1.123,20.77,78.107,1,N2,508
CCCCCCCCCCCC,2,10,0,0,1036,22.1,1.123,20.77,78.107,1,N2,432
CCCCCCCCCCCC,2,10,0,0,1087,19.4,1.123,20.77,78.107,1,N2,403
CCCCCCCCCCCC,2,10,0,0,1102,20.8,1.123,20.77,78.107,1,N2,268
CCCCCCCCCCCC,2,10,0,0,1107,23.3,1.123,20.77,78.107,1,N2,298
CCCCCCCCCCCC,2,10,0,0,1109,23,1.123,20.77,78.107,1,N2,278
CCCCCCCCCCCC,2,10,0,0,1118,33.7,1.123,20.77,78.107,1,N2,183
CCCCCCCCCCCC,2,10,0,0,1123,24,1.123,20.77,78.107,1,N2,262
CCCCCCCCCCCC,2,10,0,0,1125,18.7,1.123,20.77,78.107,1,N2,188
CCCCCCCCCCCC,2,10,0,0,1135,20.6,1.123,20.77,78.107,1,N2,178
CCCCCCCCCCCC,2,10,0,0,1230,16.73,0.1,3.596,96.304,0.5,N2,429
CCCCCCCCCCCC,2,10,0,0,1217,16.07,0.1,3.596,96.304,0.5,N2,508
CCCCCCCCCCCC,2,10,0,0,1196,15.77,0.1,3.596,96.304,0.5,N2,701
CCCCCCCCCCCC,2,10,0,0,1186,15.38,0.1,3.596,96.304,0.5,N2,822
CCCCCCCCCCCC,2,10,0,0,1158,15.19,0.1,3.596,96.304,0.5,N2,1181
CCCCCCCCCCCC,2,10,0,0,1322,15.52,0.0515,1.911,98.0375,0.5,N2,293
CCCCCCCCCCCC,2,10,0,0,1258,15.31,0.0515,1.911,98.0375,0.5,N2,682
CCCCCCCCCCCC,2,10,0,0,1252,15.08,0.0515,1.911,98.0375,0.5,N2,713
CCCCCCCCCCCC,2,10,0,0,1219,16.1,0.1,3.725,96.175,0.5,N2,485
CCCCCCCCCCCC,2,10,0,0,1211,16.13,0.1,3.725,96.175,0.5,N2,534
CCCCCCCCCCCC,2,10,0,0,1179,15.93,0.1,3.725,96.175,0.5,N2,847
CCCCCCCCCCCC,2,10,0,0,1222,15.84,0.075,2.786,97.139,0.5,N2,625
CCCCCCCCCCCC,2,10,0,0,1221,15.45,0.075,2.786,97.139,0.5,N2,685
CCCCCCCCCCCC,2,10,0,0,1192,14.98,0.075,2.786,97.139,0.5,N2,1056
CCCCCCCCCCCC,2,10,0,0,1422,15.5,0.1,3.7,96.2,0.5,N2,30
CCCCCCCCCCCC,2,10,0,0,1280,16.57,0.1,3.7,96.2,0.5,N2,195
CCCCCCCCCCCC,2,10,0,0,1126,6.7,0.57,21,78.43,0.5,N2,1069
CCCCCCCCCCCC,2,10,0,0,1145,6.7,0.57,21,78.43,0.5,N2,605
CCCCCCCCCCCC,2,10,0,0,1173,6.7,0.57,21,78.43,0.5,N2,475
CCCCCCCCCCCC,2,10,0,0,1175,6.7,0.57,21,78.43,0.5,N2,675
CCCCCCCCCCCC,2,10,0,0,1187,7.1,0.21,21,78.79,0.18,N2,793
CCCCCCCCCCCC,2,10,0,0,1141,6.7,0.57,21,78.43,0.5,N2,680
CCCCCCCCCCCC,2,10,0,0,1187,6.7,0.57,21,78.43,0.5,N2,395
CCCCCCCCCCCC,2,10,0,0,1224,6.7,0.57,21,78.43,0.5,N2,253
CCCCCCCCCCCC,2,10,0,0,1243,7.53,0.39,21,78.61,0.34,N2,130
CCCCCCCCCCCC,2,10,0,0,1249,6.7,0.57,21,78.43,0.5,N2,84
CCCCCCCCCCCC,2,10,0,0,1108,6.7,0.57,21,78.43,0.5,N2,1339
CCCCCCCCCCCC,2,10,0,0,1196,6.7,0.57,21,78.43,0.5,N2,229
CCCCCCCCCCCC,2,10,0,0,1238,6.7,0.57,21,78.43,0.5,N2,109
CCCCCCCCCCCC,2,10,0,0,1330,2.25,0.0445,0.75,99.2055,1,N2,1592
CCCCCCCCCCCC,2,10,0,0,1403,2.41,0.0445,0.75,99.2055,1,N2,586
CCCCCCCCCCCC,2,10,0,0,1406,2.37,0.047,0.75,99.203,1,N2,571
CCCCCCCCCCCC,2,10,0,0,1430,2.33,0.0445,0.75,99.2055,1,N2,349
CCCCCCCCCCCC,2,10,0,0,1477,2.25,0.05,0.75,99.2,1,N2,216
CCCCCCCCCCCC,2,10,0,0,1528,2.24,0.047,0.75,99.203,1,N2,116
CCCCCCCCCCCC,2,10,0,0,1585,2.23,0.04,0.75,99.21,1,N2,58
CCCCCCCCCCCC,2,10,0,0,1637,2.26,0.043,0.75,99.207,1,N2,36
CCCCCCCCCCCC,2,10,0,0,1652,2.23,0.0371,0.75,99.2129,1,N2,27
CCCCCCCCCCCC,2,10,0,0,1536,2.17,0.044,0.75,99.206,1,N2,140
CCCCCCCCCCCC,2,10,0,0,1657,2.12,0.0485,0.75,99.2015,1,N2,56
CCCCCCCCCCCC,2,10,0,0,1418,2.35,0.047,0.75,99.203,1,N2,614
CCCCCCCCCCCC,2,10,0,0,1607,2.17,0.046,0.75,99.204,1,N2,84
CCCCCCCCCCCC,2,10,0,0,1583,2.14,0.045,0.75,99.205,1,N2,90
CCCCCCCCCCCC,2,10,0,0,1612,2.09,0.047,0.75,99.203,1,N2,80
CCCCCCCCCCCC,2,10,0,0,1450,2.26,0.0475,0.75,99.2025,1,N2,461
CCCCCCCCCCCC,2,10,0,0,1496,2.22,0.048,0.75,99.202,1,N2,242
CCCCCCCCCCCC,2,10,0,0,1381,2.32,0.0485,0.75,99.2015,1,N2,1020
CCCCCCCCCCCC,2,10,0,0,1553,2.25,0.05,0.7776,99.1724,1,N2,276
CCCCCCCCCCCC,2,10,0,0,1407,2.28,0.046,0.7617,99.1923,1,N2,791
CCCCCCCCCCCC,2,10,0,0,1387,2.34,0.05,0.7489,99.2011,1,N2,1197
CCCCCCCCCCCC,2,10,0,0,1466,2.26,0.0476,0.7525,99.1999,1,N2,438
CCCCCCCCCCCC,2,10,0,0,1427,2.07,0.051,0.7572,99.1918,1,N2,655
CCCCCCCCCCCC,2,10,0,0,1545,2.07,0.0505,0.7427,99.2068,1,N2,262
CCCCCCCCCCCC,2,10,0,0,1645,2.13,0.0428,0.7452,99.212,1,N2,91
CCCCCCCCCCCC,2,10,0,0,1618,2.14,0.048,0.7635,99.1885,1,N2,96
CCCCCCCCCCCC,2,10,0,0,1394,2.3,0.043,0.731,99.226,1,N2,1463
CCCCCCCCCCCC,2,10,0,0,1415,2.47,0.0456,0.7657,99.1887,1,N2,790
CCCCCCC,2,5,0,0,1446,1.15,0.4,4.8,94.8,0.9,Ar,234
CCCCCCC,2,5,0,0,1381,1.18,0.4,4.8,94.8,0.9,Ar,488
CCCCCCC,2,5,0,0,1491,1.23,0.4,4.8,94.8,0.9,Ar,137
CCCCCCC,2,5,0,0,1438,1.22,0.4,4.8,94.8,0.9,Ar,238
CCCCCCC,2,5,0,0,1492,1.22,0.36,4.4,95.24,0.9,Ar,141
CCCCCCC,2,5,0,0,1501,1.25,0.36,4.4,95.24,0.9,Ar,125
CCCCCCC,2,5,0,0,1476,1.25,0.36,4.4,95.24,0.9,Ar,163
CCCCCCC,2,5,0,0,1486,1.23,0.4,4.4,95.2,1,Ar,159
CCCCCCC,2,5,0,0,1458,1.27,0.4,4.4,95.2,1,Ar,208
CCCCCCC,2,5,0,0,1428,1.27,0.4,4.4,95.2,1,Ar,296
CCCCCCC,2,5,0,0,1455,1.2,0.4,8.8,90.8,0.5,Ar,86
CCCCCCC,2,5,0,0,1413,1.32,0.4,8.8,90.8,0.5,Ar,121
CCCCCCC,2,5,0,0,1347,1.3,0.4,8.8,90.8,0.5,Ar,286
CCCCCCC,2,5,0,0,1676,1.22,0.4,2.2,97.4,2,Ar,147
CCCCCCC,2,5,0,0,1529,1.26,0.4,2.2,97.4,2,Ar,442
CCCCCCC,2,5,0,0,1619,1.22,0.4,2.2,97.4,2,Ar,210
CCCCCCC,2,5,0,0,1396,1.23,0.4,8.8,90.8,0.5,Ar,161
CCCCCCC,2,5,0,0,1347,1.29,0.4,8.8,90.8,0.5,Ar,308
CCCCCCC,2,5,0,0,1345,1.34,0.4,8.8,90.8,0.5,Ar,305
CCCCCCC,2,5,0,0,1432,1.21,0.4,8.8,90.8,0.5,Ar,110
CCCCCCC,2,5,0,0,1347,1.22,0.4,8.8,90.8,0.5,Ar,323
CCCCCCC,2,5,0,0,1455,2.13,0.4,4.4,95.2,1,Ar,165
CCCCCCC,2,5,0,0,1384,2.12,0.4,4.4,95.2,1,Ar,403
CCCCCCC,2,5,0,0,1434,2.15,0.4,4.4,95.2,1,Ar,205
CCCCCCC,2,5,0,0,1478,2.08,0.4,4.4,95.2,1,Ar,131
CCCCCCC,2,5,0,0,1503,2.06,0.4,4.4,95.2,1,Ar,100
CCCCCCC,2,5,0,0,1412,2.14,0.4,4.4,95.2,1,Ar,265
CCCCCCC,2,5,0,0,1476,4.03,0.4,4.4,95.2,1,Ar,90
CCCCCCC,2,5,0,0,1420,4.07,0.4,4.4,95.2,1,Ar,163
CCCCCCC,2,5,0,0,1394,4.22,0.4,4.4,95.2,1,Ar,227
CCCCCCC,2,5,0,0,1463,4.11,0.4,4.4,95.2,1,Ar,103
CCCCCCC,2,5,0,0,1413,4.16,0.4,4.4,95.2,1,Ar,183
CCCCCCC,2,5,0,0,1378,1.15,0.8,8.8,90.4,1,Ar,385
CCCCCCC,2,5,0,0,1426,1.17,0.8,8.8,90.4,1,Ar,208
CCCCCCC,2,5,0,0,1335,1.3,1.2,13.2,85.6,1,Ar,466
CCCCCCC,2,5,0,0,1455,1.22,1.2,13.2,85.6,1,Ar,115
CCCCCCC,2,5,0,0,1421,1.19,1.2,13.2,85.6,1,Ar,163
CCCCCCC,2,5,0,0,1349,1.2,1.2,13.2,85.6,1,Ar,411
CCCCCCC,2,5,0,0,1409,1.27,1.2,13.2,85.6,1,Ar,179
CCCCCCC,2,5,0,0,1465,1.14,1.2,8.8,90,1.5,Ar,189
CCCCCCC,2,5,0,0,1461,1.23,1.2,8.8,90,1.5,Ar,189
CCCCCCC,2,5,0,0,1409,1.27,1.2,8.8,90,1.5,Ar,321
CCCCCCC,2,5,0,0,1411,1.29,1.2,8.8,90,1.5,Ar,311
CCCCCCC,2,5,0,0,1386,1.24,1.75,19.7,78.55,1,Ar,177
CCCCCCC,2,5,0,0,1329,1.19,1.75,19.7,78.55,1,Ar,382
CCCCCCC,2,5,0,0,1330,1.16,1.75,19.7,78.55,1,Ar,382
CCCCCCC,2,5,0,0,1501,2.08,0.2,2.2,97.6,1,Ar,150
CCCCCCC,2,5,0,0,1468,2.13,0.2,2.2,97.6,1,Ar,216
CCCCCCC,2,5,0,0,1432,2.15,0.2,2.2,97.6,1,Ar,345
CCCCCCC,2,5,0,0,1547,2.07,0.2,2.2,97.6,1,Ar,100
CCCCCCC,2,5,0,0,1375,5.68,0.4,4.4,95.2,1,Ar,271
CCCCCCC,2,5,0,0,1431,5.71,0.4,4.4,95.2,1,Ar,120
CCCCCCC,2,5,0,0,1400,5.63,0.4,4.4,95.2,1,Ar,190
CCCCCCC,2,5,0,0,1421,5.69,0.4,4.4,95.2,1,Ar,138
CCCCCCC,2,5,0,0,1372,5.57,0.4,4.4,95.2,1,Ar,279
CCCCCCC,2,5,0,0,1442,5.65,0.4,4.4,95.2,1,Ar,117
CCCCCCC,2,5,0,0,1419,5.41,0.4,4.4,95.2,1,Ar,158
CCCCCCC,2,5,0,0,1423,1.2,1.2,6.6,92.2,2,Ar,486
CCCCCCC,2,5,0,0,1516,1.21,1.2,6.6,92.2,2,Ar,205
CCCCCCC,2,5,0,0,1456,1.2,1.2,6.6,92.2,2,Ar,361
CCCCCCC,2,5,0,0,1551,2.14,0.03,0.33,99.64,1,Ar,207
CCCCCCC,2,5,0,0,1640,2.04,0.03,0.33,99.64,1,Ar,99
CCCCCCC,2,5,0,0,1784,2.12,0.03,0.33,99.64,1,Ar,47
CCCCCCC,2,5,0,0,1540,3.67,0.03,0.33,99.64,1,Ar,181
CCCCCCC,2,5,0,0,1649,3.8,0.03,0.33,99.64,1,Ar,73
CCCCCCC,2,5,0,0,1710,3.75,0.03,0.33,99.64,1,Ar,49
CCCCCCC,2,5,0,0,1249,1.97,1.874,20.6,77.526,1,N2,295
CCCCCCC,2,5,0,0,1299,1.89,1.874,20.6,77.526,1,N2,311
CCCCCCC,2,5,0,0,1358,1.85,1.874,20.6,77.526,1,N2,152
CCCCCCC,2,5,0,0,1378,1.99,1.874,20.6,77.526,1,N2,117
CCCCCCC,2,5,0,0,1305,10.62,1.874,20.6,77.526,1,N2,117
CCCCCCC,2,5,0,0,1236,11.24,1.874,20.6,77.526,1,N2,207
CCCCCCC,2,5,0,0,1299,10.25,1.874,20.6,77.526,1,N2,122
CCCCCCC,2,5,0,0,1344,10.27,1.874,20.6,77.526,1,N2,85
CCCCCCC,2,5,0,0,1290,11.8,1.874,20.6,77.526,1,N2,118
CCCCCCC,2,5,0,0,806,20,1.874,20.6,77.526,1,N2,1377
CCCCCCC,2,5,0,0,850,19.92,1.874,20.6,77.526,1,N2,1653
CCCCCCC,2,5,0,0,906,19.87,1.874,20.6,77.526,1,N2,1836
CCCCCCC,2,5,0,0,1012,18.13,1.874,20.6,77.526,1,N2,944
CCCCCCC,2,5,0,0,1048,16.72,1.874,20.6,77.526,1,N2,854
CCCCCCC,2,5,0,0,909,53.9,1.874,20.6,77.526,1,N2,254
CCCCCCC,2,5,0,0,923,60,1.874,20.6,77.526,1,N2,244
CCCCCCC,2,5,0,0,926,60.6,1.874,20.6,77.526,1,N2,233
CCCCCCC,2,5,0,0,932,55.4,1.874,20.6,77.526,1,N2,323
CCCCCCC,2,5,0,0,985,48.6,1.874,20.6,77.526,1,N2,364
CCCCCCC,2,5,0,0,1007,57.7,1.874,20.6,77.526,1,N2,232
CCCCCCC,2,5,0,0,1013,53.6,1.874,20.6,77.526,1,N2,292
CCCCCCC,2,5,0,0,1023,54.2,1.874,20.6,77.526,1,N2,261
CCCCCCC,2,5,0,0,1027,59.1,1.874,20.6,77.526,1,N2,237
CCCCCCC,2,5,0,0,1057,50,1.874,20.6,77.526,1,N2,194
CCCCCCC,2,5,0,0,1063,53.1,1.874,20.6,77.526,1,N2,179
CCCCCCC,2,5,0,0,1115,52.3,1.874,20.6,77.526,1,N2,102
CCCCCCC,2,5,0,0,1395,1.72,0.05,0.55,99.4,1,Ar,878
CCCCCCC,2,5,0,0,1461,1.67,0.05,0.55,99.4,1,Ar,366
CCCCCCC,2,5,0,0,1546,1.61,0.05,0.55,99.4,1,Ar,162
CCCCCCC,2,5,0,0,1229,15.13,0.1,2.2,97.7,0.5,Ar,708
CCCCCCC,2,5,0,0,1230,15.81,0.1,2.2,97.7,0.5,Ar,698
CCCCCCC,2,5,0,0,1236,15.28,0.1,2.2,97.7,0.5,Ar,652
CCCCCCC,2,5,0,0,1271,15,0.1,2.2,97.7,0.5,Ar,377
CCCCCCC,2,5,0,0,1358,2.436,0.03,0.33,99.64,1,Ar,1280
CCCCCCC,2,5,0,0,1368,2.86,0.03,0.33,99.64,1,Ar,1810
CCCCCCC,2,5,0,0,1375,2.282,0.03,0.33,99.64,1,Ar,1661
CCCCCCC,2,5,0,0,1378,2.326,0.03,0.33,99.64,1,Ar,1330
CCCCCCC,2,5,0,0,1494,2.155,0.03,0.33,99.64,1,Ar,1330
CCCCCCC,2,5,0,0,1494,2.155,0.03,0.33,99.64,1,Ar,308
CCCCCCC,2,5,0,0,1502,2.262,0.03,0.33,99.64,1,Ar,280
CCCCCCC,2,5,0,0,1506,2.36,0.03,0.33,99.64,1,Ar,189
CCCCCCCCCCCCCCCC,2,14,0,0,1267,6.54,0.0497,1,98.9503,1.22,Ar,1902
CCCCCCCCCCCCCCCC,2,14,0,0,1172,4.44,0.0312,1,98.9688,0.76,Ar,4577
CCCCCCCCCCCCCCCC,2,14,0,0,1170,4.6,0.0326,1,98.9674,0.8,Ar,5022
CCCCCCCCCCCCCCCC,2,14,0,0,1333,6.77,0.0493,1,98.9507,1.21,Ar,917
CCCCCCCCCCCCCCCC,2,14,0,0,1327,6.46,0.1832,4,95.8168,1.12,Ar,360
CCCCCCCCCCCCCCCC,2,14,0,0,1355,4.19,0.1023,4,95.8977,0.63,Ar,212
CCCCCCCCCCCCCCCC,2,14,0,0,1183,2.05,0.1207,4,95.8793,0.74,Ar,4264
CCCCCCCCCCCCCCCC,2,14,0,0,1159,2.06,0.092,4,95.908,0.56,Ar,3870
CCCCCCCCCCCCCCCC,2,14,0,0,1181,2.13,0.1776,4,95.8224,1.09,Ar,5536
CCCCCCCCCCCCCCCC,2,14,0,0,1266,1.94,0.1168,4,95.8832,0.72,Ar,1122
CCCCCCCCCCCCCCCC,2,14,0,0,1212,1.91,0.0909,4,95.9091,0.56,Ar,2270
CCCCCCCCCCCCCCCC,2,14,0,0,1247,1.83,0.1485,4,95.8515,0.91,Ar,2060
CCCCCCCCCCCCCCCC,2,14,0,0,1285,1.89,0.1582,4,95.8418,0.97,Ar,1386
CCCCCCCCCCCCCCCC,2,14,0,0,1353,1.71,0.1565,4,95.8435,0.96,Ar,708
CCCCCCCCCCCCCCCC,2,14,0,0,1165,2.08,0.129,4,95.871,0.79,Ar,4548
CCCCCCCCCCCCCCCC,2,14,0,0,1177,2.03,0.1571,4,95.8429,0.96,Ar,4778
CCCCCCCCCCCCCCCC,2,14,0,0,1218,1.96,0.1165,4,95.8835,0.71,Ar,2657
CCCCCCCCCCCCCCCC,2,14,0,0,1231,1.86,0.1254,4,95.8746,0.77,Ar,2137
CCCCCC,2,4,0,0,1284,1.92,0.42,4,95.58,1,Ar,1317
CCCCCC,2,4,0,0,1353,1.9,0.42,4,95.58,1,Ar,623
CCCCCC,2,4,0,0,1358,1.76,0.42,4,95.58,1,Ar,688
CCCCCC,2,4,0,0,1470,1.77,0.42,4,95.58,1,Ar,176
CCCCCC,2,4,0,0,1375,1.86,0.42,4,95.58,1,Ar,483
CCCCCC,2,4,0,0,1237,1.93,0.42,4,95.58,1,Ar,2706
CCCCCC,2,4,0,0,1273,3.32,0.42,4,95.58,1,Ar,1046
CCCCCC,2,4,0,0,1396,3.6,0.42,4,95.58,1,Ar,301
CCCCCC,2,4,0,0,1250,3.1,0.42,4,95.58,1,Ar,1805
CCCCCC,2,4,0,0,1386,3.48,0.42,4,95.58,1,Ar,291
CCCCCC,2,4,0,0,1407,3.43,0.42,4,95.58,1,Ar,263
CCCCCC,2,4,0,0,1475,1.77,0.21,4,95.79,0.5,Ar,78
CCCCCC,2,4,0,0,1274,1.76,0.21,4,95.79,0.5,Ar,1225
CCCCCC,2,4,0,0,1361,1.89,0.21,4,95.79,0.5,Ar,303
CCCCCC,2,4,0,0,1367,1.67,0.21,4,95.79,0.5,Ar,308
CCCCCC,2,4,0,0,1403,1.69,0.21,4,95.79,0.5,Ar,196
CCCCCCCCC,2,7,0,0,1204,31.84,0.4,4,95.6,1,Ar,205
CCCCCCCCC,2,7,0,0,1133,33.85,0.4,4,95.6,1,Ar,416
CCCCCCCCC,2,7,0,0,1194,38.71,0.4,4,95.6,1,Ar,201
CCCCCCCCC,2,7,0,0,1249,41.76,0.4,4,95.6,1,Ar,98
CCCCCCCCC,2,7,0,0,1077,15.63,0.4,4,95.6,1,Ar,1339
CCCCCCCCC,2,7,0,0,1160,14.81,0.4,4,95.6,1,Ar,534
CCCCCCCCC,2,7,0,0,1278,14.5,0.4,4,95.6,1,Ar,122
CCCCCCCCC,2,7,0,0,1107,14.8,0.4,4,95.6,1,Ar,965
CCCCCCCCC,2,7,0,0,1233,14.94,0.4,4,95.6,1,Ar,216
CCCCCCCCC,2,7,0,0,1207,15.19,0.4,4,95.6,1,Ar,306
CCCCCCCCC,2,7,0,0,1055,15.41,0.4,4,95.6,1,Ar,1787
CCCCCCCCC,2,7,0,0,1243,13.52,0.4,4,95.6,1,Ar,197
CCCCCCCCC,2,7,0,0,1203,15.11,0.2,4,95.8,0.5,Ar,322
CCCCCCCCC,2,7,0,0,1137,15.31,0.2,4,95.8,0.5,Ar,855
CCCCCCCCC,2,7,0,0,1145,15.3,0.2,4,95.8,0.5,Ar,776
CCCCCCCCC,2,7,0,0,1186,15.09,0.2,4,95.8,0.5,Ar,442
CCCCCCCCC,2,7,0,0,1199,15.2,0.2,4,95.8,0.5,Ar,335
CCCCCCCCC,2,7,0,0,1301,14.25,0.2,4,95.8,0.5,Ar,89
CCCCCCCCC,2,7,0,0,1272,14.41,0.2,4,95.8,0.5,Ar,134
CCCCCCCCC,2,7,0,0,1221,14.8,0.2,4,95.8,0.5,Ar,283
CCCCCCCCC,2,7,0,0,1217,14.79,0.4,4,95.6,2,Ar,281
CCCCCCCCC,2,7,0,0,1164,15.31,0.4,4,95.6,2,Ar,456
CCCCCCCCC,2,7,0,0,1129,15.7,0.4,4,95.6,2,Ar,638
CCCCCCCCC,2,7,0,0,1290,14.88,0.4,4,95.6,2,Ar,117
CCCCCCCCC,2,7,0,0,1051,15.39,0.4,4,95.6,2,Ar,1341
CCCCCCCCC,2,7,0,0,1053,14.88,0.4,4,95.6,2,Ar,1318
CCCCCCCCC,2,7,0,0,1075,15.14,0.4,4,95.6,2,Ar,1007
CCCCCCCC,2,6,0,0,1325,1.95,0.32,4,95.68,1,Ar,859
CCCCCCCC,2,6,0,0,1265,2.05,0.32,4,95.68,1,Ar,1569
CCCCCCCC,2,6,0,0,1289,2.01,0.32,4,95.68,1,Ar,1198
CCCCCCCC,2,6,0,0,1385,1.96,0.32,4,95.68,1,Ar,390
CCCCCCCC,2,6,0,0,1455,1.87,0.32,4,95.68,1,Ar,166
CCCCCCCC,2,6,0,0,1282,3.37,0.32,4,95.68,1,Ar,1020
CCCCCCCC,2,6,0,0,1421,3.59,0.32,4,95.68,1,Ar,210
CCCCCCCC,2,6,0,0,1384,3.63,0.32,4,95.68,1,Ar,285
CCCCCCCC,2,6,0,0,1319,3.75,0.32,4,95.68,1,Ar,614
CCCCCCCC,2,6,0,0,1273,3.81,0.32,4,95.68,1,Ar,1064
CCCCCCCC,2,6,0,0,1434,1.91,0.16,4,95.84,0.5,Ar,104
CCCCCCCC,2,6,0,0,1307,1.98,0.16,4,95.84,0.5,Ar,663
CCCCCCCC,2,6,0,0,1273,2.07,0.16,4,95.84,0.5,Ar,988
CCCCCCCC,2,6,0,0,1252,2.19,0.16,4,95.84,0.5,Ar,1269
CCCCCCCC,2,6,0,0,1380,2.01,0.16,4,95.84,0.5,Ar,220
CCCCC,2,3,0,0,1489,1.74,0.5,4,95.5,1,Ar,145
CCCCC,2,3,0,0,1426,1.83,0.5,4,95.5,1,Ar,281
CCCCC,2,3,0,0,1360,1.91,0.5,4,95.5,1,Ar,603
CCCCC,2,3,0,0,1304,1.95,0.5,4,95.5,1,Ar,1227
CCCCC,2,3,0,0,1267,2,0.5,4,95.5,1,Ar,1845
CCCCC,2,3,0,0,1303,3.61,0.5,4,95.5,1,Ar,832
CCCCC,2,3,0,0,1261,3.75,0.5,4,95.5,1,Ar,1455
CCCCC,2,3,0,0,1395,3.47,0.5,4,95.5,1,Ar,316
CCCCC,2,3,0,0,1449,3.41,0.5,4,95.5,1,Ar,162
CCCCC,2,3,0,0,1268,3.61,0.5,4,95.5,1,Ar,1296
CCCCC,2,3,0,0,1396,1.65,0.25,4,95.75,0.5,Ar,255
CCCCC,2,3,0,0,1263,1.73,0.25,4,95.75,0.5,Ar,1391
CCCCC,2,3,0,0,1533,1.71,0.25,4,95.75,0.5,Ar,49
CCCCC,2,3,0,0,1428,1.62,0.25,4,95.75,0.5,Ar,153
CCCCC,2,3,0,0,1397,1.75,0.25,4,95.75,0.5,Ar,232
